case_id,window_schedule,observability_matrix
bw_53905d287a712af2c470,w03|w09|w11,"[[0,4,2,4,3,3],[4,0,4,4,4,4],[2,4,0,4,2,3],[4,4,4,0,4,4],[3,4,2,4,0,2],[3,4,3,4,2,0]]"
bw_bfd5a34533ef9dabc136,w06|w09|w11,"[[0,4,4,4,4,4],[4,0,4,4,4,3],[4,4,0,4,4,4],[4,4,4,0,2,2],[4,4,4,2,0,2],[4,3,4,2,2,0]]"
bw_c31e6c1729558a59fbfa,w04|w09|w11,"[[0,3,4,4,4,4],[3,0,4,4,4,2],[4,4,0,4,4,3],[4,4,4,0,4,4],[4,4,4,4,0,4],[4,2,3,4,4,0]]"
bw_d78781348285aef9f7a1,w02|w06|w07,"[[0,4,4,4,4,4],[4,0,2,3,2,2],[4,2,0,3,3,3],[4,3,3,0,2,2],[4,2,3,2,0,2],[4,2,3,2,2,0]]"
bw_372dac7fc9084fd96a8e,w04|w06|w10,"[[0,3,3,4,3,4],[3,0,3,4,2,4],[3,3,0,4,2,4],[4,4,4,0,4,4],[3,2,2,4,0,4],[4,4,4,4,4,0]]"
bw_bf02d4948463773ccd5e,w05|w09|w11,"[[0,3,2,4,4,2],[3,0,4,4,4,2],[2,4,0,4,4,3],[4,4,4,0,4,4],[4,4,4,4,0,4],[2,2,3,4,4,0]]"
bw_bf9d2972470aa9114733,w04|w05|w07,"[[0,4,4,4,4,4],[4,0,2,3,4,3],[4,2,0,4,3,2],[4,3,4,0,4,4],[4,4,3,4,0,4],[4,3,2,4,4,0]]"
bw_6ffecfafac49c81bef84,w00|w03|w04,"[[0,4,4,4,4,4],[4,0,2,4,2,2],[4,2,0,4,3,3],[4,4,4,0,3,4],[4,2,3,3,0,3],[4,2,3,4,3,0]]"
bw_6f8c13e43e4e9a1b6395,w02|w07|w10,"[[0,3,3,4,2,4],[3,0,2,2,3,4],[3,2,0,2,3,4],[4,2,2,0,2,4],[2,3,3,2,0,4],[4,4,4,4,4,0]]"
bw_4144d68d28f3811fbb83,w02|w07|w10,"[[0,3,2,3,4,3],[3,0,3,2,4,2],[2,3,0,3,4,2],[3,2,3,0,4,2],[4,4,4,4,0,4],[3,2,2,2,4,0]]"
bw_4684a9fcd49a1ed8cf4c,w02|w05|w09,"[[0,2,3,4,2,4],[2,0,3,4,3,4],[3,3,0,4,2,4],[4,4,4,0,4,4],[2,3,2,4,0,4],[4,4,4,4,4,0]]"
bw_51bbc9993e3ba34b93dd,w02|w07|w11,"[[0,2,2,2,4,3],[2,0,2,3,3,4],[2,2,0,2,3,4],[2,3,2,0,3,4],[4,3,3,3,0,4],[3,4,4,4,4,0]]"
bw_105d0ef59b92ed87c924,w02|w05|w06,"[[0,2,3,4,2,2],[2,0,2,4,2,2],[3,2,0,4,2,3],[4,4,4,0,4,4],[2,2,2,4,0,2],[2,2,3,4,2,0]]"
bw_a49f76d6eae7e9270c11,w03|w07|w08,"[[0,3,4,3,4,4],[3,0,2,2,4,4],[4,2,0,2,4,4],[3,2,2,0,4,4],[4,4,4,4,0,4],[4,4,4,4,4,0]]"
bw_a2d6f413a6c75181a920,w02|w06|w08,"[[0,4,3,4,4,3],[4,0,4,4,2,4],[3,4,0,4,3,2],[4,4,4,0,4,4],[4,2,3,4,0,3],[3,4,2,4,3,0]]"
bw_de39445cde67c43b4216,w02|w03|w10,"[[0,1,4,4,4,1],[1,0,4,4,4,2],[4,4,0,4,4,4],[4,4,4,0,4,4],[4,4,4,4,0,4],[1,2,4,4,4,0]]"
bw_9d9ad208ae29d89d0df0,w03|w06|w11,"[[0,4,4,4,4,4],[4,0,3,2,3,4],[4,3,0,3,3,4],[4,2,3,0,2,3],[4,3,3,2,0,4],[4,4,4,3,4,0]]"
bw_3d8e095119f3142b9733,w00|w07|w08,"[[0,2,4,2,4,4],[2,0,3,2,4,3],[4,3,0,3,4,2],[2,2,3,0,4,3],[4,4,4,4,0,4],[4,3,2,3,4,0]]"
bw_11e22e3933184f1c89ab,w08|w09|w10,"[[0,3,3,4,2,3],[3,0,4,4,4,3],[3,4,0,4,3,2],[4,4,4,0,4,4],[2,4,3,4,0,2],[3,3,2,4,2,0]]"
bw_074e45012d0e10bc7ce6,w00|w01|w07,"[[0,4,4,4,4,4],[4,0,4,2,4,3],[4,4,0,2,2,2],[4,2,2,0,4,2],[4,4,2,4,0,3],[4,3,2,2,3,0]]"
bw_41f2638519e7d8b96ada,w02|w08|w10,"[[0,4,3,4,3,2],[4,0,4,4,4,4],[3,4,0,4,4,3],[4,4,4,0,4,4],[3,4,4,4,0,4],[2,4,3,4,4,0]]"
bw_80fde53b85056e2f2e09,w00|w01|w10,"[[0,4,4,4,4,4],[4,0,4,2,4,2],[4,4,0,2,4,3],[4,2,2,0,4,2],[4,4,4,4,0,4],[4,2,3,2,4,0]]"
bw_c5a41f75af3f87a05cdd,w04|w09|w11,"[[0,2,2,3,3,4],[2,0,2,3,3,4],[2,2,0,2,4,4],[3,3,2,0,4,4],[3,3,4,4,0,4],[4,4,4,4,4,0]]"
bw_9337dd7ffc3e0964a742,w02|w03|w05,"[[0,4,4,4,4,4],[4,0,3,4,4,4],[4,3,0,4,4,4],[4,4,4,0,3,2],[4,4,4,3,0,3],[4,4,4,2,3,0]]"
bw_2eb76a39b2feea2cef02,w01|w02|w07,"[[0,4,4,3,4,4],[4,0,4,3,4,4],[4,4,0,1,4,2],[3,3,1,0,4,1],[4,4,4,4,0,4],[4,4,2,1,4,0]]"
bw_8fb212218932bdeda669,w01|w03|w07,"[[0,2,2,3,4,3],[2,0,2,2,4,2],[2,2,0,2,4,3],[3,2,2,0,3,3],[4,4,4,3,0,4],[3,2,3,3,4,0]]"
bw_47bc65f8059c80dc6558,w04|w09|w11,"[[0,2,4,4,2,4],[2,0,4,4,3,4],[4,4,0,4,4,4],[4,4,4,0,4,4],[2,3,4,4,0,4],[4,4,4,4,4,0]]"
bw_19529e462582c90771ed,w00|w09|w11,"[[0,4,4,4,4,4],[4,0,4,3,4,4],[4,4,0,2,4,4],[4,3,2,0,4,4],[4,4,4,4,0,4],[4,4,4,4,4,0]]"
bw_da9e45e4243d322ad316,w04|w05|w06,"[[0,3,2,4,4,4],[3,0,2,2,4,2],[2,2,0,4,4,2],[4,2,4,0,4,4],[4,4,4,4,0,4],[4,2,2,4,4,0]]"
bw_59a2f9f0ada5515041fa,w01|w02|w05,"[[0,2,4,4,4,2],[2,0,4,4,4,2],[4,4,0,4,4,4],[4,4,4,0,4,4],[4,4,4,4,0,4],[2,2,4,4,4,0]]"
bw_74de62323b35e3753611,w05|w06|w11,"[[0,4,4,4,4,4],[4,0,4,4,4,4],[4,4,0,2,3,3],[4,4,2,0,2,2],[4,4,3,2,0,3],[4,4,3,2,3,0]]"
bw_01c2f690924ebcbd2317,w05|w07|w10,"[[0,4,4,4,4,4],[4,0,3,4,3,1],[4,3,0,4,2,4],[4,4,4,0,3,4],[4,3,2,3,0,4],[4,1,4,4,4,0]]"
bw_a131b31daf65c10bf531,w01|w04|w07,"[[0,4,3,3,2,4],[4,0,3,4,4,4],[3,3,0,1,3,4],[3,4,1,0,2,4],[2,4,3,2,0,4],[4,4,4,4,4,0]]"
bw_8e676d68122a39aec6f1,w00|w03|w11,"[[0,4,4,3,4,4],[4,0,3,2,4,4],[4,3,0,2,4,4],[3,2,2,0,4,4],[4,4,4,4,0,4],[4,4,4,4,4,0]]"
bw_067b1a58489941c06681,w02|w04|w10,"[[0,4,3,2,4,4],[4,0,4,4,4,4],[3,4,0,3,4,4],[2,4,3,0,4,4],[4,4,4,4,0,4],[4,4,4,4,4,0]]"
bw_8c903258dfc5f6bfc443,w04|w05|w09,"[[0,3,4,2,3,4],[3,0,4,4,4,3],[4,4,0,4,4,4],[2,4,4,0,2,4],[3,4,4,2,0,4],[4,3,4,4,4,0]]"
bw_f5101f3850e3388bd3f8,w02|w05|w10,"[[0,2,2,2,4,3],[2,0,3,2,4,2],[2,3,0,3,4,3],[2,2,3,0,4,2],[4,4,4,4,0,4],[3,2,3,2,4,0]]"
bw_5fe3847361b661fd3ced,w04|w06|w09,"[[0,4,4,4,3,4],[4,0,4,2,4,2],[4,4,0,4,4,3],[4,2,4,0,4,3],[3,4,4,4,0,4],[4,2,3,3,4,0]]"
bw_ca4e242e7fdc4ba362f2,w02|w06|w11,"[[0,3,4,4,4,4],[3,0,4,4,4,4],[4,4,0,4,4,4],[4,4,4,0,4,4],[4,4,4,4,0,4],[4,4,4,4,4,0]]"
bw_6d60fcef2e2e8177245b,w06|w09|w11,"[[0,4,4,2,2,4],[4,0,4,2,4,4],[4,4,0,4,4,2],[2,2,4,0,2,4],[2,4,4,2,0,4],[4,4,2,4,4,0]]"
bw_09b24cb5453f7a896e83,w01|w09|w10,"[[0,3,4,3,4,4],[3,0,4,2,2,4],[4,4,0,4,4,4],[3,2,4,0,2,4],[4,2,4,2,0,4],[4,4,4,4,4,0]]"
bw_083603bc6c64808aaa03,w02|w06|w11,"[[0,4,2,4,3,2],[4,0,4,4,4,4],[2,4,0,4,3,3],[4,4,4,0,4,4],[3,4,3,4,0,2],[2,4,3,4,2,0]]"
bw_2318b0dcf83d6da179f1,w04|w05|w09,"[[0,4,4,4,4,4],[4,0,2,3,2,4],[4,2,0,2,2,2],[4,3,2,0,3,3],[4,2,2,3,0,4],[4,4,2,3,4,0]]"
bw_d770f3fb917499f5fe3e,w00|w10|w11,"[[0,2,4,4,2,1],[2,0,4,4,2,2],[4,4,0,4,4,4],[4,4,4,0,4,4],[2,2,4,4,0,2],[1,2,4,4,2,0]]"
bw_444f8f84874b66009fcd,w06|w08|w11,"[[0,4,4,3,4,4],[4,0,4,4,4,4],[4,4,0,2,3,3],[3,4,2,0,4,3],[4,4,3,4,0,4],[4,4,3,3,4,0]]"
bw_280ef4f3c5c5b75cb74c,w05|w07|w09,"[[0,3,3,2,4,4],[3,0,2,2,4,2],[3,2,0,2,4,2],[2,2,2,0,4,3],[4,4,4,4,0,4],[4,2,2,3,4,0]]"
bw_24e81bc4e9c2c295ea86,w00|w02|w03,"[[0,3,4,4,3,2],[3,0,4,3,2,2],[4,4,0,4,4,4],[4,3,4,0,2,3],[3,2,4,2,0,2],[2,2,4,3,2,0]]"
bw_97bfbe60d02d150ff93d,w02|w04|w09,"[[0,4,4,4,4,4],[4,0,2,2,4,2],[4,2,0,2,4,3],[4,2,2,0,4,4],[4,4,4,4,0,4],[4,2,3,4,4,0]]"
bw_f9a89208110436c284ed,w06|w09|w10,"[[0,4,2,4,3,4],[4,0,4,4,4,4],[2,4,0,4,2,3],[4,4,4,0,4,4],[3,4,2,4,0,4],[4,4,3,4,4,0]]"
bw_c80209018245e2f4ae6c,w01|w04|w10,"[[0,4,4,4,4,4],[4,0,2,2,3,4],[4,2,0,3,3,4],[4,2,3,0,4,4],[4,3,3,4,0,4],[4,4,4,4,4,0]]"
bw_b8ec9a22ea456d33ae6e,w00|w06|w07,"[[0,4,4,4,4,4],[4,0,4,2,2,2],[4,4,0,4,3,4],[4,2,4,0,2,2],[4,2,3,2,0,2],[4,2,4,2,2,0]]"
bw_1a2f078588a0b0cf4373,w03|w04|w09,"[[0,4,4,4,4,4],[4,0,4,4,4,4],[4,4,0,2,3,3],[4,4,2,0,2,2],[4,4,3,2,0,2],[4,4,3,2,2,0]]"
bw_b32a84012986cc337eb3,w02|w08|w11,"[[0,2,4,2,2,4],[2,0,4,3,2,3],[4,4,0,4,4,4],[2,3,4,0,2,4],[2,2,4,2,0,3],[4,3,4,4,3,0]]"
bw_badeaa232e0f40ff8f41,w05|w08|w09,"[[0,3,2,2,4,2],[3,0,2,2,4,3],[2,2,0,3,4,3],[2,2,3,0,4,3],[4,4,4,4,0,4],[2,3,3,3,4,0]]"
bw_93a079c769214fac5095,w03|w04|w05,"[[0,3,2,2,4,4],[3,0,3,2,4,4],[2,3,0,2,4,4],[2,2,2,0,4,4],[4,4,4,4,0,4],[4,4,4,4,4,0]]"
bw_58f8c5b84c5b896790b3,w02|w08|w11,"[[0,1,4,4,2,2],[1,0,4,4,2,2],[4,4,0,4,4,4],[4,4,4,0,4,4],[2,2,4,4,0,2],[2,2,4,4,2,0]]"
bw_efc46ecfcda2b09723c5,w03|w04|w10,"[[0,4,4,4,4,2],[4,0,4,4,4,4],[4,4,0,4,4,3],[4,4,4,0,4,3],[4,4,4,4,0,4],[2,4,3,3,4,0]]"
bw_f160cdec4947eb760a77,w03|w04|w09,"[[0,3,4,3,4,4],[3,0,4,4,4,4],[4,4,0,3,4,4],[3,4,3,0,4,3],[4,4,4,4,0,4],[4,4,4,3,4,0]]"
bw_83d8b4a93df50a79ccdb,w02|w03|w06,"[[0,4,4,4,4,4],[4,0,4,4,4,4],[4,4,0,3,4,4],[4,4,3,0,4,3],[4,4,4,4,0,4],[4,4,4,3,4,0]]"
bw_7d7d3c1d30c53c09d539,w07|w08|w11,"[[0,4,4,4,4,4],[4,0,4,4,4,4],[4,4,0,2,1,1],[4,4,2,0,2,1],[4,4,1,2,0,2],[4,4,1,1,2,0]]"
bw_7d7b1c35c148dee4e12a,w03|w07|w10,"[[0,4,4,4,4,4],[4,0,4,3,2,3],[4,4,0,3,2,2],[4,3,3,0,3,3],[4,2,2,3,0,2],[4,3,2,3,2,0]]"
bw_13d707bd306c8814bbd4,w00|w02|w05,"[[0,4,1,2,4,2],[4,0,4,4,4,4],[1,4,0,2,4,1],[2,4,2,0,4,1],[4,4,4,4,0,4],[2,4,1,1,4,0]]"
bw_3f639f80a15710a0617f,w00|w01|w08,"[[0,4,4,4,4,4],[4,0,3,4,3,4],[4,3,0,4,4,4],[4,4,4,0,4,4],[4,3,4,4,0,3],[4,4,4,4,3,0]]"
bw_62148ee75591fb472fb9,w03|w07|w11,"[[0,3,4,2,2,3],[3,0,4,2,3,2],[4,4,0,4,3,4],[2,2,4,0,3,4],[2,3,3,3,0,3],[3,2,4,4,3,0]]"
bw_01acaeba3e9514413858,w04|w08|w09,"[[0,4,4,4,4,4],[4,0,4,3,2,4],[4,4,0,3,3,4],[4,3,3,0,1,4],[4,2,3,1,0,4],[4,4,4,4,4,0]]"
bw_5cb2f47a967e6294752c,w05|w07|w09,"[[0,4,2,4,3,2],[4,0,4,4,4,4],[2,4,0,3,2,2],[4,4,3,0,2,4],[3,4,2,2,0,3],[2,4,2,4,3,0]]"
bw_47a2165a2d96d3c9a957,w08|w09|w11,"[[0,4,4,3,4,4],[4,0,4,4,4,4],[4,4,0,2,4,3],[3,4,2,0,4,2],[4,4,4,4,0,3],[4,4,3,2,3,0]]"
bw_9a00306b9870f5af58fe,w02|w08|w09,"[[0,4,3,2,4,3],[4,0,4,4,4,4],[3,4,0,3,4,2],[2,4,3,0,3,2],[4,4,4,3,0,4],[3,4,2,2,4,0]]"
bw_0a33fd4b05a61869feab,w04|w05|w09,"[[0,4,4,4,3,3],[4,0,4,4,4,4],[4,4,0,4,4,4],[4,4,4,0,2,2],[3,4,4,2,0,2],[3,4,4,2,2,0]]"
bw_6a93c8b28e0193015cb0,w04|w09|w10,"[[0,4,4,4,4,3],[4,0,4,4,4,4],[4,4,0,4,3,4],[4,4,4,0,4,4],[4,4,3,4,0,2],[3,4,4,4,2,0]]"
bw_a5342d9007bdd3b944b1,w02|w06|w07,"[[0,4,3,3,2,2],[4,0,4,4,4,4],[3,4,0,3,2,2],[3,4,3,0,4,3],[2,4,2,4,0,2],[2,4,2,3,2,0]]"
bw_78fa01b5c578878a0376,w06|w10|w11,"[[0,3,2,4,3,2],[3,0,2,4,2,2],[2,2,0,4,3,2],[4,4,4,0,4,4],[3,2,3,4,0,3],[2,2,2,4,3,0]]"
bw_5c653a86b56c7a4ddeac,w00|w01|w03,"[[0,4,4,4,4,4],[4,0,4,4,3,2],[4,4,0,4,4,4],[4,4,4,0,2,3],[4,3,4,2,0,3],[4,2,4,3,3,0]]"
bw_b3fdf532962754df47b2,w02|w08|w11,"[[0,4,4,4,4,4],[4,0,2,2,2,2],[4,2,0,2,3,3],[4,2,2,0,3,2],[4,2,3,3,0,3],[4,2,3,2,3,0]]"
bw_4f0a4a517b119457d10a,w07|w08|w11,"[[0,4,4,4,4,4],[4,0,3,4,3,2],[4,3,0,2,2,3],[4,4,2,0,2,4],[4,3,2,2,0,2],[4,2,3,4,2,0]]"
bw_ac17eaa2c56ccd25fa18,w07|w08|w11,"[[0,4,4,4,3,4],[4,0,4,3,4,4],[4,4,0,4,4,4],[4,3,4,0,4,4],[3,4,4,4,0,4],[4,4,4,4,4,0]]"
bw_7de884db85034e7c9b48,w02|w06|w08,"[[0,2,4,4,2,4],[2,0,4,4,2,4],[4,4,0,4,4,4],[4,4,4,0,4,4],[2,2,4,4,0,4],[4,4,4,4,4,0]]"
bw_7ed0e63d99c8029a4731,w04|w08|w09,"[[0,4,4,4,4,4],[4,0,4,3,4,3],[4,4,0,2,3,3],[4,3,2,0,3,3],[4,4,3,3,0,4],[4,3,3,3,4,0]]"
bw_5147e2d71b4759373a53,w02|w03|w05,"[[0,2,2,2,3,2],[2,0,3,4,3,3],[2,3,0,3,4,3],[2,4,3,0,4,2],[3,3,4,4,0,3],[2,3,3,2,3,0]]"
bw_cdfbe6ff9ebc896960d9,w05|w07|w11,"[[0,2,4,4,3,3],[2,0,4,4,3,4],[4,4,0,4,4,4],[4,4,4,0,4,4],[3,3,4,4,0,4],[3,4,4,4,4,0]]"
bw_dfe18dd10d1c6ce178a6,w04|w05|w11,"[[0,4,4,4,4,4],[4,0,4,4,3,2],[4,4,0,4,4,4],[4,4,4,0,4,4],[4,3,4,4,0,2],[4,2,4,4,2,0]]"
bw_017fd7c59d27b702a02f,w00|w01|w06,"[[0,3,4,4,3,2],[3,0,3,4,2,2],[4,3,0,4,4,4],[4,4,4,0,4,4],[3,2,4,4,0,2],[2,2,4,4,2,0]]"
bw_b7064ce9599796a1b497,w01|w09|w11,"[[0,4,2,4,2,4],[4,0,4,4,4,4],[2,4,0,4,3,4],[4,4,4,0,4,4],[2,4,3,4,0,4],[4,4,4,4,4,0]]"
bw_072ecc3a32b4c6850361,w01|w06|w08,"[[0,4,4,3,4,2],[4,0,4,4,4,4],[4,4,0,4,4,3],[3,4,4,0,4,3],[4,4,4,4,0,4],[2,4,3,3,4,0]]"
bw_9a18825dbe27e01e809f,w03|w05|w08,"[[0,2,3,2,2,4],[2,0,4,4,2,4],[3,4,0,4,4,4],[2,4,4,0,2,4],[2,2,4,2,0,4],[4,4,4,4,4,0]]"
bw_c14f5bd092688be4c8e6,w01|w03|w05,"[[0,4,4,4,3,3],[4,0,3,4,4,4],[4,3,0,4,4,4],[4,4,4,0,4,2],[3,4,4,4,0,4],[3,4,4,2,4,0]]"
bw_5b10b3c65a55a3685814,w01|w03|w10,"[[0,3,3,4,2,3],[3,0,2,4,2,2],[3,2,0,4,2,2],[4,4,4,0,4,4],[2,2,2,4,0,2],[3,2,2,4,2,0]]"
bw_d44d5a4ed8b40ae581bb,w04|w09|w10,"[[0,4,4,4,4,4],[4,0,2,2,3,4],[4,2,0,2,3,4],[4,2,2,0,3,4],[4,3,3,3,0,4],[4,4,4,4,4,0]]"
bw_b977b58ac37f89ac6612,w01|w05|w11,"[[0,3,4,4,3,3],[3,0,4,4,4,4],[4,4,0,4,3,4],[4,4,4,0,4,4],[3,4,3,4,0,3],[3,4,4,4,3,0]]"
bw_5a1bf62494c2a7ba6ec4,w01|w04|w11,"[[0,4,4,4,3,3],[4,0,4,4,3,2],[4,4,0,4,4,4],[4,4,4,0,4,4],[3,3,4,4,0,2],[3,2,4,4,2,0]]"
bw_7a1837ab560fbc90474b,w04|w06|w09,"[[0,4,4,4,4,4],[4,0,4,4,4,4],[4,4,0,4,4,4],[4,4,4,0,2,2],[4,4,4,2,0,3],[4,4,4,2,3,0]]"
bw_b3b3dbfb6a469a495a7a,w02|w04|w05,"[[0,4,2,4,3,2],[4,0,4,4,4,4],[2,4,0,4,4,3],[4,4,4,0,4,4],[3,4,4,4,0,4],[2,4,3,4,4,0]]"
bw_bad334892310bdd89a92,w01|w02|w07,"[[0,4,4,4,4,4],[4,0,4,3,2,2],[4,4,0,4,4,4],[4,3,4,0,4,3],[4,2,4,4,0,4],[4,2,4,3,4,0]]"
bw_0c5faed9e111b3187a69,w02|w08|w11,"[[0,4,4,4,4,4],[4,0,2,3,2,3],[4,2,0,3,2,3],[4,3,3,0,2,4],[4,2,2,2,0,2],[4,3,3,4,2,0]]"
bw_79eacbfad9b087f37a57,w00|w01|w11,"[[0,4,2,4,4,4],[4,0,4,4,4,4],[2,4,0,4,3,3],[4,4,4,0,4,3],[4,4,3,4,0,3],[4,4,3,3,3,0]]"
bw_7145c4dce529cdcb00e7,w00|w01|w03,"[[0,4,4,4,4,4],[4,0,4,1,1,2],[4,4,0,4,4,4],[4,1,4,0,1,2],[4,1,4,1,0,1],[4,2,4,2,1,0]]"
bw_821fef164e17984da620,w02|w04|w07,"[[0,4,2,2,4,2],[4,0,4,4,4,4],[2,4,0,3,4,4],[2,4,3,0,4,4],[4,4,4,4,0,4],[2,4,4,4,4,0]]"
bw_29596dd910c770260167,w01|w03|w07,"[[0,2,3,3,2,4],[2,0,2,4,4,3],[3,2,0,3,3,3],[3,4,3,0,4,4],[2,4,3,4,0,4],[4,3,3,4,4,0]]"
bw_11c723de6aa3f467f572,w04|w09|w10,"[[0,4,4,3,4,4],[4,0,4,4,4,4],[4,4,0,4,4,4],[3,4,4,0,2,2],[4,4,4,2,0,2],[4,4,4,2,2,0]]"
bw_30caf37274e82b9fb46e,w00|w02|w04,"[[0,3,4,2,3,4],[3,0,4,2,2,3],[4,4,0,4,4,4],[2,2,4,0,3,3],[3,2,4,3,0,4],[4,3,4,3,4,0]]"
bw_342e073834a80d7b1a8e,w03|w07|w11,"[[0,4,4,4,4,4],[4,0,3,4,4,4],[4,3,0,4,4,4],[4,4,4,0,4,4],[4,4,4,4,0,3],[4,4,4,4,3,0]]"
bw_7c9acf633c19c7d0eb4b,w02|w05|w07,"[[0,4,2,4,2,3],[4,0,3,4,4,3],[2,3,0,4,2,2],[4,4,4,0,4,4],[2,4,2,4,0,2],[3,3,2,4,2,0]]"
bw_dae32855b000c3a3b08d,w05|w06|w09,"[[0,4,4,2,3,2],[4,0,4,4,4,4],[4,4,0,4,4,4],[2,4,4,0,2,2],[3,4,4,2,0,4],[2,4,4,2,4,0]]"
bw_a7e1fb19b83d161097e0,w00|w02|w10,"[[0,4,4,4,4,4],[4,0,2,4,4,4],[4,2,0,4,4,4],[4,4,4,0,4,4],[4,4,4,4,0,4],[4,4,4,4,4,0]]"
bw_867a9bccf734db64a509,w02|w09|w10,"[[0,4,4,3,1,2],[4,0,4,4,4,4],[4,4,0,4,4,4],[3,4,4,0,4,2],[1,4,4,4,0,3],[2,4,4,2,3,0]]"
bw_5f2494a52f302c1e8087,w02|w03|w04,"[[0,4,4,3,4,4],[4,0,3,3,3,4],[4,3,0,3,4,3],[3,3,3,0,4,4],[4,3,4,4,0,4],[4,4,3,4,4,0]]"
bw_dddf7e62f190dbf1025a,w00|w04|w10,"[[0,4,4,4,4,3],[4,0,4,4,2,2],[4,4,0,2,4,4],[4,4,2,0,4,4],[4,2,4,4,0,2],[3,2,4,4,2,0]]"
bw_07c4a4de1a4358bbd034,w00|w06|w07,"[[0,2,4,2,4,3],[2,0,4,2,4,3],[4,4,0,3,4,4],[2,2,3,0,4,4],[4,4,4,4,0,4],[3,3,4,4,4,0]]"
bw_8356c179f8b6f1d45317,w00|w03|w06,"[[0,4,4,2,3,4],[4,0,4,3,4,4],[4,4,0,4,4,4],[2,3,4,0,4,4],[3,4,4,4,0,4],[4,4,4,4,4,0]]"
bw_7430d1d9700f623f7970,w04|w06|w10,"[[0,3,4,4,4,4],[3,0,4,3,3,3],[4,4,0,4,4,4],[4,3,4,0,4,3],[4,3,4,4,0,4],[4,3,4,3,4,0]]"
bw_5ee3f2563fab3f5bec45,w05|w08|w10,"[[0,4,4,4,4,4],[4,0,4,2,2,4],[4,4,0,4,4,4],[4,2,4,0,3,4],[4,2,4,3,0,4],[4,4,4,4,4,0]]"
bw_a2f9aaa98493fef4dd5f,w05|w06|w11,"[[0,2,4,2,3,4],[2,0,4,3,2,4],[4,4,0,4,4,4],[2,3,4,0,2,4],[3,2,4,2,0,4],[4,4,4,4,4,0]]"
bw_224fe232b3bb7d4c2d9a,w05|w08|w10,"[[0,4,4,3,4,4],[4,0,4,2,3,2],[4,4,0,4,4,4],[3,2,4,0,4,2],[4,3,4,4,0,4],[4,2,4,2,4,0]]"
bw_ce0860b54d10bf075443,w01|w03|w09,"[[0,4,2,3,3,3],[4,0,2,4,3,4],[2,2,0,2,2,4],[3,4,2,0,3,3],[3,3,2,3,0,4],[3,4,4,3,4,0]]"
bw_b55cf83978f6f9b41a44,w01|w04|w06,"[[0,3,3,4,1,4],[3,0,2,3,3,4],[3,2,0,4,2,4],[4,3,4,0,4,4],[1,3,2,4,0,4],[4,4,4,4,4,0]]"
bw_d58d864fac5d9e296e86,w00|w01|w06,"[[0,2,3,4,2,2],[2,0,3,4,2,2],[3,3,0,4,4,3],[4,4,4,0,4,4],[2,2,4,4,0,3],[2,2,3,4,3,0]]"
bw_c07ce504c454695cf960,w01|w02|w07,"[[0,3,3,3,2,4],[3,0,2,3,3,4],[3,2,0,2,3,4],[3,3,2,0,2,4],[2,3,3,2,0,4],[4,4,4,4,4,0]]"
bw_c6a052366099f7f1176a,w02|w06|w08,"[[0,4,4,4,4,4],[4,0,4,4,4,4],[4,4,0,3,2,3],[4,4,3,0,4,4],[4,4,2,4,0,3],[4,4,3,4,3,0]]"
bw_888f16aa5e378ac93f57,w01|w09|w11,"[[0,3,4,2,3,2],[3,0,4,2,4,2],[4,4,0,4,4,4],[2,2,4,0,4,2],[3,4,4,4,0,4],[2,2,4,2,4,0]]"
bw_2192376313182bd5183d,w00|w04|w06,"[[0,4,4,2,3,3],[4,0,4,4,4,4],[4,4,0,3,3,4],[2,4,3,0,3,2],[3,4,3,3,0,2],[3,4,4,2,2,0]]"
bw_ccc43e0a3132aa0bac9f,w01|w09|w11,"[[0,4,4,4,4,4],[4,0,4,4,4,4],[4,4,0,4,4,4],[4,4,4,0,2,2],[4,4,4,2,0,2],[4,4,4,2,2,0]]"
bw_3ec0a1434c10c5ec223f,w01|w06|w09,"[[0,4,4,4,4,4],[4,0,4,3,3,3],[4,4,0,4,2,3],[4,3,4,0,4,4],[4,3,2,4,0,2],[4,3,3,4,2,0]]"
bw_23ec46eca589a0d00fcf,w01|w02|w04,"[[0,4,4,4,4,4],[4,0,4,4,4,4],[4,4,0,4,4,4],[4,4,4,0,4,3],[4,4,4,4,0,4],[4,4,4,3,4,0]]"
bw_9340aba342ffd9e10858,w06|w09|w11,"[[0,3,3,2,4,2],[3,0,4,4,4,2],[3,4,0,2,4,2],[2,4,2,0,4,2],[4,4,4,4,0,4],[2,2,2,2,4,0]]"
bw_2012a7e87de1d734195a,w02|w04|w06,"[[0,4,4,2,4,4],[4,0,4,4,4,4],[4,4,0,4,4,4],[2,4,4,0,4,4],[4,4,4,4,0,4],[4,4,4,4,4,0]]"
bw_5a637293fe29900f0225,w03|w05|w11,"[[0,2,4,3,4,3],[2,0,4,3,2,2],[4,4,0,4,4,4],[3,3,4,0,4,2],[4,2,4,4,0,4],[3,2,4,2,4,0]]"
bw_64596c7591a84a1d25f5,w01|w06|w09,"[[0,4,2,2,4,4],[4,0,4,4,4,4],[2,4,0,2,4,4],[2,4,2,0,4,3],[4,4,4,4,0,4],[4,4,4,3,4,0]]"
bw_3f1fee55e3446fc58bf4,w02|w09|w11,"[[0,4,3,2,4,4],[4,0,4,4,3,2],[3,4,0,2,2,4],[2,4,2,0,2,3],[4,3,2,2,0,2],[4,2,4,3,2,0]]"
bw_41b3a18420cf3ce26b72,w04|w05|w11,"[[0,4,4,3,3,2],[4,0,4,4,4,4],[4,4,0,4,4,4],[3,4,4,0,3,2],[3,4,4,3,0,3],[2,4,4,2,3,0]]"
bw_a06e77d7e8bd41b9a75e,w00|w05|w09,"[[0,4,4,4,4,4],[4,0,2,2,4,2],[4,2,0,2,4,2],[4,2,2,0,4,3],[4,4,4,4,0,4],[4,2,2,3,4,0]]"
bw_2dc9cd7b7ee084d7dba3,w00|w07|w10,"[[0,4,4,2,4,3],[4,0,4,4,4,4],[4,4,0,2,2,2],[2,4,2,0,3,2],[4,4,2,3,0,2],[3,4,2,2,2,0]]"
bw_5485c242cdb8bdd614a9,w04|w05|w10,"[[0,4,4,4,4,4],[4,0,4,4,4,4],[4,4,0,4,2,3],[4,4,4,0,4,4],[4,4,2,4,0,2],[4,4,3,4,2,0]]"
bw_963edc3f3aa99b6f3faa,w04|w09|w11,"[[0,4,3,4,4,4],[4,0,4,4,4,4],[3,4,0,4,4,2],[4,4,4,0,4,4],[4,4,4,4,0,4],[4,4,2,4,4,0]]"
bw_97eb45f3bccf7b151600,w04|w08|w10,"[[0,2,4,2,2,2],[2,0,4,3,2,2],[4,4,0,4,4,4],[2,3,4,0,4,2],[2,2,4,4,0,2],[2,2,4,2,2,0]]"
bw_1686588ccb47c88317a6,w00|w02|w05,"[[0,3,2,2,2,4],[3,0,2,4,2,4],[2,2,0,3,3,4],[2,4,3,0,4,4],[2,2,3,4,0,4],[4,4,4,4,4,0]]"
bw_95c6ee8da78bd85d4df7,w00|w01|w09,"[[0,4,4,4,4,4],[4,0,4,3,4,3],[4,4,0,4,4,4],[4,3,4,0,4,4],[4,4,4,4,0,4],[4,3,4,4,4,0]]"
bw_25da07910f0d4130af07,w05|w07|w08,"[[0,4,4,4,4,4],[4,0,4,3,4,4],[4,4,0,2,2,2],[4,3,2,0,2,2],[4,4,2,2,0,3],[4,4,2,2,3,0]]"
bw_001fad9f7bf5e97badaa,w04|w07|w09,"[[0,3,4,2,4,2],[3,0,4,2,4,2],[4,4,0,4,4,4],[2,2,4,0,4,2],[4,4,4,4,0,4],[2,2,4,2,4,0]]"
bw_7ba503858953a1d19d41,w02|w07|w10,"[[0,3,4,2,3,2],[3,0,4,2,3,2],[4,4,0,4,4,4],[2,2,4,0,2,2],[3,3,4,2,0,4],[2,2,4,2,4,0]]"
bw_22ba6b26772acc41b246,w01|w04|w08,"[[0,4,4,4,4,4],[4,0,4,3,3,4],[4,4,0,4,4,4],[4,3,4,0,4,4],[4,3,4,4,0,4],[4,4,4,4,4,0]]"
bw_6405487e3be539d14b80,w06|w08|w09,"[[0,2,4,3,4,4],[2,0,4,3,4,3],[4,4,0,4,4,4],[3,3,4,0,4,3],[4,4,4,4,0,4],[4,3,4,3,4,0]]"
bw_584152187ed7bf568b9c,w00|w01|w10,"[[0,3,3,3,3,4],[3,0,4,4,3,4],[3,4,0,3,2,4],[3,4,3,0,4,4],[3,3,2,4,0,2],[4,4,4,4,2,0]]"
bw_93385770bb79ef841c7a,w03|w08|w11,"[[0,3,4,4,4,3],[3,0,4,4,4,4],[4,4,0,4,4,4],[4,4,4,0,4,4],[4,4,4,4,0,4],[3,4,4,4,4,0]]"
bw_6f2c509adc85757d5851,w01|w04|w11,"[[0,4,4,4,4,4],[4,0,4,3,4,4],[4,4,0,4,4,4],[4,3,4,0,3,4],[4,4,4,3,0,4],[4,4,4,4,4,0]]"
bw_f2bf136fb8c51e6b524c,w02|w05|w07,"[[0,4,4,4,4,4],[4,0,2,2,2,2],[4,2,0,3,4,4],[4,2,3,0,4,3],[4,2,4,4,0,3],[4,2,4,3,3,0]]"
bw_dfc9099b97202cb5318f,w00|w06|w10,"[[0,4,4,4,4,4],[4,0,4,4,4,4],[4,4,0,2,3,3],[4,4,2,0,3,4],[4,4,3,3,0,3],[4,4,3,4,3,0]]"
bw_61551da7b5eeaa95ea1f,w03|w09|w10,"[[0,4,4,4,3,4],[4,0,4,4,4,4],[4,4,0,4,3,4],[4,4,4,0,4,4],[3,4,3,4,0,4],[4,4,4,4,4,0]]"
bw_3e8a7608ed293038adbb,w01|w07|w09,"[[0,4,4,4,4,4],[4,0,4,4,2,2],[4,4,0,4,4,4],[4,4,4,0,4,4],[4,2,4,4,0,2],[4,2,4,4,2,0]]"
bw_c9c1443e33bc25dcb717,w01|w06|w07,"[[0,4,4,4,4,3],[4,0,2,4,2,2],[4,2,0,4,3,2],[4,4,4,0,4,4],[4,2,3,4,0,2],[3,2,2,4,2,0]]"
bw_ff08b16c299a7de0c209,w02|w05|w08,"[[0,4,4,4,3,4],[4,0,4,4,4,4],[4,4,0,3,3,3],[4,4,3,0,2,4],[3,4,3,2,0,3],[4,4,3,4,3,0]]"
bw_dcc1c4aa678af9ff685c,w00|w02|w10,"[[0,2,4,4,4,4],[2,0,3,4,4,3],[4,3,0,4,4,4],[4,4,4,0,4,4],[4,4,4,4,0,4],[4,3,4,4,4,0]]"
bw_281dcb6258843f0d2aa4,w01|w03|w04,"[[0,2,3,3,3,4],[2,0,3,3,3,4],[3,3,0,4,4,4],[3,3,4,0,2,4],[3,3,4,2,0,4],[4,4,4,4,4,0]]"
bw_ec0f0e01d01a11e9fdcd,w03|w07|w10,"[[0,2,4,2,3,3],[2,0,4,2,3,3],[4,4,0,4,4,4],[2,2,4,0,2,2],[3,3,4,2,0,2],[3,3,4,2,2,0]]"
bw_b8f25e0eb061e61273fc,w02|w05|w08,"[[0,4,4,4,4,4],[4,0,2,2,4,2],[4,2,0,4,4,2],[4,2,4,0,4,3],[4,4,4,4,0,4],[4,2,2,3,4,0]]"
bw_84e1d67bd30b1391a1c6,w01|w02|w10,"[[0,2,2,4,4,3],[2,0,2,4,4,2],[2,2,0,4,4,2],[4,4,4,0,4,4],[4,4,4,4,0,4],[3,2,2,4,4,0]]"
bw_a1a5af1af8534937ec0c,w03|w07|w10,"[[0,4,2,3,3,3],[4,0,4,4,4,4],[2,4,0,4,2,3],[3,4,4,0,4,4],[3,4,2,4,0,4],[3,4,3,4,4,0]]"
bw_25b340cbc98938e902ec,w01|w02|w10,"[[0,4,4,4,4,4],[4,0,2,3,4,2],[4,2,0,1,4,2],[4,3,1,0,4,2],[4,4,4,4,0,3],[4,2,2,2,3,0]]"
bw_cd1c4daa93900da38eea,w03|w05|w07,"[[0,2,2,4,2,2],[2,0,3,3,3,2],[2,3,0,4,3,2],[4,3,4,0,4,4],[2,3,3,4,0,4],[2,2,2,4,4,0]]"
bw_a17e0fc853991c241855,w01|w05|w08,"[[0,4,4,4,4,4],[4,0,3,4,2,2],[4,3,0,3,2,2],[4,4,3,0,4,4],[4,2,2,4,0,3],[4,2,2,4,3,0]]"
bw_909c6fe14421037ccd89,w01|w05|w09,"[[0,4,4,4,4,4],[4,0,4,3,4,3],[4,4,0,4,4,4],[4,3,4,0,3,4],[4,4,4,3,0,4],[4,3,4,4,4,0]]"
bw_c897a8c4f4137238ccf0,w00|w01|w02,"[[0,4,3,3,3,2],[4,0,4,4,4,4],[3,4,0,3,2,2],[3,4,3,0,2,2],[3,4,2,2,0,2],[2,4,2,2,2,0]]"
bw_b2d1415ac66e869ea485,w04|w05|w07,"[[0,4,2,3,3,2],[4,0,4,4,4,4],[2,4,0,4,2,2],[3,4,4,0,3,4],[3,4,2,3,0,2],[2,4,2,4,2,0]]"
bw_811f5215a218c663c877,w01|w05|w07,"[[0,2,2,3,4,4],[2,0,2,2,4,4],[2,2,0,3,4,4],[3,2,3,0,4,4],[4,4,4,4,0,4],[4,4,4,4,4,0]]"
bw_0faca7bd33c4c52ce2ef,w03|w04|w09,"[[0,4,3,2,3,2],[4,0,4,4,4,4],[3,4,0,3,3,2],[2,4,3,0,3,2],[3,4,3,3,0,3],[2,4,2,2,3,0]]"
bw_420910d0855abfc521d0,w04|w08|w09,"[[0,2,4,2,4,3],[2,0,4,2,4,3],[4,4,0,4,4,4],[2,2,4,0,3,4],[4,4,4,3,0,4],[3,3,4,4,4,0]]"
bw_1b27e953abb639386f8f,w02|w03|w11,"[[0,4,4,4,4,4],[4,0,2,4,3,4],[4,2,0,4,3,2],[4,4,4,0,3,4],[4,3,3,3,0,4],[4,4,2,4,4,0]]"
bw_8b12397ebe2832061224,w05|w06|w10,"[[0,4,2,3,4,2],[4,0,4,4,4,4],[2,4,0,2,4,2],[3,4,2,0,4,3],[4,4,4,4,0,4],[2,4,2,3,4,0]]"
bw_3e1e44347590af841dfa,w00|w01|w10,"[[0,4,4,4,4,4],[4,0,4,2,3,3],[4,4,0,2,4,3],[4,2,2,0,3,2],[4,3,4,3,0,3],[4,3,3,2,3,0]]"
bw_eebc3ae19ea4c370467c,w07|w08|w09,"[[0,4,4,4,4,4],[4,0,3,4,3,3],[4,3,0,2,3,2],[4,4,2,0,2,3],[4,3,3,2,0,3],[4,3,2,3,3,0]]"
bw_ac3ce4f4ffe1791783f7,w03|w06|w09,"[[0,4,4,4,4,4],[4,0,4,4,4,4],[4,4,0,2,3,3],[4,4,2,0,2,3],[4,4,3,2,0,2],[4,4,3,3,2,0]]"
bw_fdaa1a76281f938ad6d3,w05|w07|w08,"[[0,2,4,3,2,2],[2,0,4,2,3,2],[4,4,0,4,4,4],[3,2,4,0,2,3],[2,3,4,2,0,2],[2,2,4,3,2,0]]"
bw_4745889b37944f258aa0,w01|w03|w08,"[[0,2,3,1,1,4],[2,0,2,2,3,4],[3,2,0,3,4,4],[1,2,3,0,2,4],[1,3,4,2,0,4],[4,4,4,4,4,0]]"
bw_59dd4f181f672f453e92,w00|w03|w04,"[[0,4,4,4,4,3],[4,0,2,3,4,4],[4,2,0,4,4,4],[4,3,4,0,4,2],[4,4,4,4,0,4],[3,4,4,2,4,0]]"
bw_827af85597a70e058ee0,w00|w04|w06,"[[0,2,2,4,2,4],[2,0,3,4,2,4],[2,3,0,4,3,4],[4,4,4,0,4,4],[2,2,3,4,0,4],[4,4,4,4,4,0]]"
bw_5b536f99e38e6c90c336,w00|w02|w03,"[[0,2,4,2,3,4],[2,0,4,2,3,4],[4,4,0,4,4,4],[2,2,4,0,4,4],[3,3,4,4,0,4],[4,4,4,4,4,0]]"
bw_79ad5c8546fb5d05bc3a,w01|w02|w03,"[[0,4,3,2,3,3],[4,0,4,4,4,4],[3,4,0,2,2,3],[2,4,2,0,2,3],[3,4,2,2,0,2],[3,4,3,3,2,0]]"
bw_158a9e3aeb8aa2bafd97,w01|w03|w06,"[[0,2,2,4,4,3],[2,0,2,4,4,4],[2,2,0,4,4,3],[4,4,4,0,4,4],[4,4,4,4,0,4],[3,4,3,4,4,0]]"
bw_efe8aaac304511a69bd1,w00|w04|w09,"[[0,4,4,4,4,4],[4,0,2,3,4,4],[4,2,0,2,3,4],[4,3,2,0,2,4],[4,4,3,2,0,4],[4,4,4,4,4,0]]"
bw_5abc7a9e586091a43456,w02|w05|w10,"[[0,3,4,4,2,3],[3,0,4,4,3,2],[4,4,0,4,4,4],[4,4,4,0,4,4],[2,3,4,4,0,4],[3,2,4,4,4,0]]"
bw_8299b910c4912a10c77b,w09|w10|w11,"[[0,3,4,3,4,4],[3,0,4,3,3,3],[4,4,0,4,4,4],[3,3,4,0,4,3],[4,3,4,4,0,3],[4,3,4,3,3,0]]"
bw_90a8f2afbc926b5809d9,w01|w05|w09,"[[0,3,4,4,4,4],[3,0,4,3,4,3],[4,4,0,4,4,4],[4,3,4,0,3,3],[4,4,4,3,0,4],[4,3,4,3,4,0]]"
bw_5efc149fb58629a03ff9,w00|w05|w10,"[[0,3,1,4,4,2],[3,0,2,4,4,3],[1,2,0,4,4,2],[4,4,4,0,4,4],[4,4,4,4,0,4],[2,3,2,4,4,0]]"
bw_6a623b414c2d21fc62a5,w05|w08|w09,"[[0,4,4,2,3,2],[4,0,4,4,4,4],[4,4,0,4,4,4],[2,4,4,0,2,2],[3,4,4,2,0,2],[2,4,4,2,2,0]]"
bw_b96ac9bce0335a09656b,w03|w06|w10,"[[0,3,4,4,4,4],[3,0,3,4,3,4],[4,3,0,4,3,4],[4,4,4,0,4,4],[4,3,3,4,0,4],[4,4,4,4,4,0]]"
bw_b2038276cfab8c9a9ffc,w02|w05|w10,"[[0,4,4,4,4,4],[4,0,4,2,2,3],[4,4,0,4,4,4],[4,2,4,0,3,3],[4,2,4,3,0,2],[4,3,4,3,2,0]]"
bw_a7fabbff709ad12e068e,w05|w09|w11,"[[0,4,4,4,4,4],[4,0,3,2,4,3],[4,3,0,3,3,4],[4,2,3,0,4,2],[4,4,3,4,0,4],[4,3,4,2,4,0]]"
bw_9169bebb7093390ba455,w01|w02|w08,"[[0,4,4,4,1,2],[4,0,4,4,4,4],[4,4,0,4,4,4],[4,4,4,0,3,2],[1,4,4,3,0,2],[2,4,4,2,2,0]]"
bw_6dac1cd04dc9bbb00240,w04|w07|w09,"[[0,4,4,4,4,4],[4,0,4,4,4,4],[4,4,0,2,3,4],[4,4,2,0,2,4],[4,4,3,2,0,3],[4,4,4,4,3,0]]"
bw_f3a6c5eee1cf1aea52d0,w03|w07|w11,"[[0,4,4,3,3,2],[4,0,4,3,4,4],[4,4,0,4,4,4],[3,3,4,0,2,2],[3,4,4,2,0,2],[2,4,4,2,2,0]]"
bw_c74f9b4667403a4deb32,w01|w08|w10,"[[0,3,4,4,3,4],[3,0,4,4,4,4],[4,4,0,4,4,4],[4,4,4,0,3,4],[3,4,4,3,0,3],[4,4,4,4,3,0]]"
bw_dc4d39fc4969e90f1b39,w08|w09|w11,"[[0,4,4,4,4,4],[4,0,2,2,2,4],[4,2,0,4,2,4],[4,2,4,0,3,4],[4,2,2,3,0,4],[4,4,4,4,4,0]]"
bw_0670da619f486e2cd42b,w01|w04|w08,"[[0,4,4,1,1,2],[4,0,4,4,4,4],[4,4,0,4,4,4],[1,4,4,0,2,2],[1,4,4,2,0,3],[2,4,4,2,3,0]]"
bw_b9220f9a481d1bed36d9,w00|w03|w07,"[[0,2,3,3,2,4],[2,0,3,4,2,4],[3,3,0,4,2,4],[3,4,4,0,2,3],[2,2,2,2,0,4],[4,4,4,3,4,0]]"
bw_c14cccbfddb64750e8ef,w02|w06|w10,"[[0,4,2,2,2,2],[4,0,4,4,4,4],[2,4,0,2,3,3],[2,4,2,0,3,2],[2,4,3,3,0,2],[2,4,3,2,2,0]]"
bw_03840815dbf6fb4e55e4,w03|w05|w06,"[[0,2,1,4,4,1],[2,0,2,4,4,3],[1,2,0,4,4,2],[4,4,4,0,4,4],[4,4,4,4,0,4],[1,3,2,4,4,0]]"
bw_a2a7b0ae357081c54473,w03|w07|w10,"[[0,3,2,4,3,4],[3,0,3,3,3,4],[2,3,0,2,3,4],[4,3,2,0,3,4],[3,3,3,3,0,4],[4,4,4,4,4,0]]"
bw_413e262f40c98436f440,w04|w06|w09,"[[0,4,3,2,2,3],[4,0,4,4,4,4],[3,4,0,3,4,3],[2,4,3,0,3,3],[2,4,4,3,0,4],[3,4,3,3,4,0]]"
bw_0b12b33bf4bf11adf350,w00|w07|w08,"[[0,4,4,3,4,4],[4,0,4,4,4,4],[4,4,0,4,4,4],[3,4,4,0,4,4],[4,4,4,4,0,4],[4,4,4,4,4,0]]"
bw_12d39532a712a234eb11,w01|w06|w08,"[[0,2,3,3,3,4],[2,0,4,2,4,4],[3,4,0,4,4,4],[3,2,4,0,4,4],[3,4,4,4,0,4],[4,4,4,4,4,0]]"
bw_10c6339c560c7a7e8c23,w00|w01|w07,"[[0,4,4,4,4,4],[4,0,4,2,4,4],[4,4,0,4,4,4],[4,2,4,0,4,4],[4,4,4,4,0,4],[4,4,4,4,4,0]]"
bw_ca2f5190844d6a6a9a5b,w01|w07|w10,"[[0,2,3,4,3,2],[2,0,4,4,2,3],[3,4,0,4,4,4],[4,4,4,0,4,4],[3,2,4,4,0,4],[2,3,4,4,4,0]]"
bw_ef654ef2cff33384b067,w01|w05|w06,"[[0,3,4,2,2,3],[3,0,4,3,3,4],[4,4,0,4,4,4],[2,3,4,0,3,2],[2,3,4,3,0,4],[3,4,4,2,4,0]]"
bw_5faf439f83207ede80d8,w02|w04|w06,"[[0,4,4,4,4,4],[4,0,3,3,3,4],[4,3,0,2,2,4],[4,3,2,0,3,4],[4,3,2,3,0,4],[4,4,4,4,4,0]]"
bw_a70dda45fa6ddf9db484,w00|w05|w06,"[[0,2,3,2,2,4],[2,0,2,3,2,3],[3,2,0,2,3,2],[2,3,2,0,3,4],[2,2,3,3,0,4],[4,3,2,4,4,0]]"
bw_c1c7a4cf81a1e226a1b9,w01|w07|w08,"[[0,4,2,3,4,2],[4,0,4,4,4,4],[2,4,0,2,3,3],[3,4,2,0,3,2],[4,4,3,3,0,4],[2,4,3,2,4,0]]"
bw_1db740d2e88686c883c9,w03|w04|w08,"[[0,3,2,4,4,4],[3,0,4,4,4,4],[2,4,0,4,4,4],[4,4,4,0,4,4],[4,4,4,4,0,4],[4,4,4,4,4,0]]"
bw_930fa01628dbd27f84c0,w00|w09|w10,"[[0,4,4,4,4,4],[4,0,4,4,4,4],[4,4,0,3,3,3],[4,4,3,0,4,3],[4,4,3,4,0,3],[4,4,3,3,3,0]]"
bw_7700dc20499bb1b1cad7,w03|w04|w05,"[[0,3,4,3,4,2],[3,0,4,2,4,3],[4,4,0,4,4,4],[3,2,4,0,4,3],[4,4,4,4,0,4],[2,3,4,3,4,0]]"
bw_cfb7da31b134c9526c1d,w01|w02|w11,"[[0,4,4,4,4,4],[4,0,2,2,3,4],[4,2,0,2,3,4],[4,2,2,0,4,4],[4,3,3,4,0,4],[4,4,4,4,4,0]]"
bw_d90cbf179d4e5ed0843f,w02|w03|w05,"[[0,4,4,4,4,4],[4,0,2,1,4,2],[4,2,0,2,4,2],[4,1,2,0,4,2],[4,4,4,4,0,4],[4,2,2,2,4,0]]"
bw_5a47978166567ed55658,w01|w07|w11,"[[0,3,4,4,3,2],[3,0,4,4,2,2],[4,4,0,4,4,4],[4,4,4,0,3,4],[3,2,4,3,0,2],[2,2,4,4,2,0]]"
bw_4811bd65cb366649ece7,w03|w09|w10,"[[0,4,4,4,4,4],[4,0,4,4,4,4],[4,4,0,4,4,3],[4,4,4,0,4,4],[4,4,4,4,0,4],[4,4,3,4,4,0]]"
bw_1e6bcc2641192c2e30a0,w05|w06|w10,"[[0,4,4,4,3,4],[4,0,4,4,4,4],[4,4,0,4,2,2],[4,4,4,0,4,4],[3,4,2,4,0,2],[4,4,2,4,2,0]]"
bw_c18e9047d87af6fddee6,w06|w07|w10,"[[0,3,4,4,4,3],[3,0,4,4,4,4],[4,4,0,4,4,4],[4,4,4,0,4,4],[4,4,4,4,0,4],[3,4,4,4,4,0]]"
bw_40cb6715c3b040adefc7,w00|w06|w09,"[[0,4,2,4,1,1],[4,0,4,4,4,4],[2,4,0,4,2,2],[4,4,4,0,4,4],[1,4,2,4,0,1],[1,4,2,4,1,0]]"
bw_e006e99b1ed52cda3ba4,w04|w05|w11,"[[0,2,2,2,4,2],[2,0,3,2,4,3],[2,3,0,2,4,2],[2,2,2,0,4,3],[4,4,4,4,0,4],[2,3,2,3,4,0]]"
bw_7c782de746f1d753c41a,w00|w03|w07,"[[0,4,4,4,4,4],[4,0,4,4,4,4],[4,4,0,3,4,4],[4,4,3,0,4,4],[4,4,4,4,0,2],[4,4,4,4,2,0]]"
bw_45f0a047c20683f6a05c,w03|w04|w10,"[[0,2,4,3,2,3],[2,0,4,4,3,3],[4,4,0,4,4,2],[3,4,4,0,2,2],[2,3,4,2,0,2],[3,3,2,2,2,0]]"
bw_3edf4a28083612ce0d02,w01|w07|w11,"[[0,3,2,3,4,4],[3,0,2,2,3,4],[2,2,0,2,4,4],[3,2,2,0,4,4],[4,3,4,4,0,4],[4,4,4,4,4,0]]"
bw_c9c2804b1873b9cd18d4,w05|w10|w11,"[[0,4,4,4,4,4],[4,0,4,3,2,4],[4,4,0,4,4,4],[4,3,4,0,2,3],[4,2,4,2,0,3],[4,4,4,3,3,0]]"
bw_17040fa24e1ce63748e3,w07|w08|w10,"[[0,4,3,4,4,4],[4,0,4,4,4,4],[3,4,0,2,2,2],[4,4,2,0,1,3],[4,4,2,1,0,2],[4,4,2,3,2,0]]"
bw_a1fab722b56eed47e445,w02|w08|w10,"[[0,2,2,4,4,3],[2,0,2,4,3,2],[2,2,0,4,2,3],[4,4,4,0,4,4],[4,3,2,4,0,3],[3,2,3,4,3,0]]"
bw_d68877135136f2037caf,w04|w08|w10,"[[0,4,4,3,3,4],[4,0,4,4,4,4],[4,4,0,4,4,4],[3,4,4,0,2,2],[3,4,4,2,0,4],[4,4,4,2,4,0]]"
bw_7bfaa3158419df6e196a,w07|w09|w10,"[[0,4,4,2,3,4],[4,0,4,2,2,3],[4,4,0,4,4,4],[2,2,4,0,2,3],[3,2,4,2,0,3],[4,3,4,3,3,0]]"
bw_ad22f6d6b58b14a77ed8,w02|w05|w06,"[[0,4,4,4,4,4],[4,0,4,1,4,3],[4,4,0,4,4,4],[4,1,4,0,4,2],[4,4,4,4,0,4],[4,3,4,2,4,0]]"
bw_dd4a4cf02f84cdaad0a8,w03|w04|w06,"[[0,2,3,4,2,2],[2,0,3,4,2,2],[3,3,0,4,2,4],[4,4,4,0,4,4],[2,2,2,4,0,3],[2,2,4,4,3,0]]"
bw_25492fa3cfeb8e591472,w00|w04|w05,"[[0,2,4,3,2,2],[2,0,4,3,3,2],[4,4,0,4,4,4],[3,3,4,0,2,2],[2,3,4,2,0,2],[2,2,4,2,2,0]]"
bw_17ba86b82a5693518ee0,w00|w07|w09,"[[0,4,3,4,3,2],[4,0,4,4,4,4],[3,4,0,4,3,2],[4,4,4,0,4,3],[3,4,3,4,0,4],[2,4,2,3,4,0]]"
bw_aacb24112ea54e3d1228,w03|w05|w11,"[[0,4,4,4,4,4],[4,0,3,2,2,2],[4,3,0,2,2,3],[4,2,2,0,3,2],[4,2,2,3,0,3],[4,2,3,2,3,0]]"
bw_948cec6a136f4e2ba40a,w03|w04|w09,"[[0,4,4,4,4,4],[4,0,4,4,4,4],[4,4,0,1,3,2],[4,4,1,0,1,1],[4,4,3,1,0,1],[4,4,2,1,1,0]]"
bw_23fcf42ef19a40fa7716,w05|w09|w11,"[[0,4,4,4,4,4],[4,0,2,4,2,2],[4,2,0,4,3,2],[4,4,4,0,4,4],[4,2,3,4,0,3],[4,2,2,4,3,0]]"
bw_fbfcf494428a1a139796,w07|w09|w10,"[[0,3,4,3,2,2],[3,0,4,2,2,3],[4,4,0,4,4,4],[3,2,4,0,2,2],[2,2,4,2,0,2],[2,3,4,2,2,0]]"
bw_e7fecd1988273985c63d,w03|w06|w09,"[[0,3,4,4,4,4],[3,0,4,3,4,2],[4,4,0,4,3,4],[4,3,4,0,4,4],[4,4,3,4,0,4],[4,2,4,4,4,0]]"
bw_eceb929107f9a2ced4be,w07|w08|w10,"[[0,4,4,2,2,2],[4,0,4,4,4,4],[4,4,0,4,4,4],[2,4,4,0,3,2],[2,4,4,3,0,2],[2,4,4,2,2,0]]"
bw_32594066f41dcd3a0da1,w02|w05|w06,"[[0,2,4,3,4,4],[2,0,3,3,4,4],[4,3,0,4,4,4],[3,3,4,0,4,4],[4,4,4,4,0,4],[4,4,4,4,4,0]]"
bw_6beb8b00ad83070c7d0b,w03|w04|w05,"[[0,3,2,4,2,2],[3,0,4,4,2,2],[2,4,0,4,3,3],[4,4,4,0,4,4],[2,2,3,4,0,2],[2,2,3,4,2,0]]"
bw_2670cdb86f0fa3d24099,w01|w03|w07,"[[0,4,4,4,4,4],[4,0,3,3,4,2],[4,3,0,3,4,2],[4,3,3,0,4,2],[4,4,4,4,0,4],[4,2,2,2,4,0]]"
bw_223cfebbe76430a6e149,w00|w02|w09,"[[0,3,4,4,4,3],[3,0,4,3,4,3],[4,4,0,4,4,3],[4,3,4,0,4,4],[4,4,4,4,0,4],[3,3,3,4,4,0]]"
bw_bda5882b61092ed1b3f0,w01|w02|w03,"[[0,4,4,4,4,4],[4,0,4,4,4,4],[4,4,0,4,2,4],[4,4,4,0,4,4],[4,4,2,4,0,4],[4,4,4,4,4,0]]"
bw_3b5b146f7dd5d70d0935,w07|w09|w10,"[[0,4,2,3,2,4],[4,0,4,4,4,4],[2,4,0,4,3,4],[3,4,4,0,2,4],[2,4,3,2,0,3],[4,4,4,4,3,0]]"
bw_9371e4a1e585a0f20d1d,w04|w05|w08,"[[0,4,4,3,2,4],[4,0,4,4,4,4],[4,4,0,3,2,4],[3,4,3,0,2,2],[2,4,2,2,0,3],[4,4,4,2,3,0]]"
bw_7470a40e7b6c95a83988,w00|w08|w09,"[[0,2,3,4,2,4],[2,0,1,4,1,4],[3,1,0,4,1,4],[4,4,4,0,3,4],[2,1,1,3,0,4],[4,4,4,4,4,0]]"
bw_42d0f4255a67c5b4ff91,w06|w08|w11,"[[0,4,4,4,4,4],[4,0,2,4,3,2],[4,2,0,4,2,2],[4,4,4,0,4,4],[4,3,2,4,0,2],[4,2,2,4,2,0]]"
bw_ee080d2fa92a4825cdfd,w04|w09|w11,"[[0,4,2,4,4,2],[4,0,4,4,4,4],[2,4,0,3,4,2],[4,4,3,0,4,3],[4,4,4,4,0,4],[2,4,2,3,4,0]]"
bw_23d732203cfcd00029b1,w01|w09|w10,"[[0,4,4,2,3,3],[4,0,4,4,3,4],[4,4,0,4,4,4],[2,4,4,0,2,3],[3,3,4,2,0,3],[3,4,4,3,3,0]]"
bw_591840d8331d362dcc28,w03|w04|w06,"[[0,4,4,4,4,4],[4,0,4,4,4,4],[4,4,0,2,3,2],[4,4,2,0,3,3],[4,4,3,3,0,4],[4,4,2,3,4,0]]"
bw_68eebc3f9a90ca9f04a8,w06|w09|w10,"[[0,4,4,4,3,4],[4,0,2,2,3,4],[4,2,0,3,4,4],[4,2,3,0,3,4],[3,3,4,3,0,4],[4,4,4,4,4,0]]"
bw_1433e4d304dcc3be4740,w02|w06|w08,"[[0,3,2,4,4,4],[3,0,4,4,4,4],[2,4,0,4,4,4],[4,4,4,0,4,4],[4,4,4,4,0,4],[4,4,4,4,4,0]]"
bw_549b15cc1305cd0f297f,w00|w06|w07,"[[0,2,4,2,4,2],[2,0,4,3,4,4],[4,4,0,3,4,4],[2,3,3,0,4,3],[4,4,4,4,0,4],[2,4,4,3,4,0]]"
bw_bd6860df1d67fd522308,w07|w09|w11,"[[0,4,4,4,3,3],[4,0,4,4,4,4],[4,4,0,4,3,4],[4,4,4,0,4,4],[3,4,3,4,0,2],[3,4,4,4,2,0]]"
bw_a61af8fc9963867c1690,w02|w03|w11,"[[0,2,2,4,2,3],[2,0,2,4,2,3],[2,2,0,4,2,3],[4,4,4,0,4,4],[2,2,2,4,0,3],[3,3,3,4,3,0]]"
bw_a250f99ff2730cb5a97d,w00|w05|w11,"[[0,3,4,4,4,4],[3,0,4,4,4,4],[4,4,0,2,3,2],[4,4,2,0,3,3],[4,4,3,3,0,4],[4,4,2,3,4,0]]"
bw_58a3019a900bda6cd7f8,w02|w07|w10,"[[0,4,4,4,4,4],[4,0,2,4,4,3],[4,2,0,4,4,2],[4,4,4,0,4,4],[4,4,4,4,0,4],[4,3,2,4,4,0]]"
bw_26f4758f66528fbcdf56,w01|w04|w09,"[[0,3,2,2,3,2],[3,0,4,3,2,4],[2,4,0,2,4,3],[2,3,2,0,3,2],[3,2,4,3,0,4],[2,4,3,2,4,0]]"
bw_459ab08286f5bd043ad3,w00|w06|w11,"[[0,2,4,4,4,2],[2,0,4,4,3,3],[4,4,0,4,4,4],[4,4,4,0,4,4],[4,3,4,4,0,4],[2,3,4,4,4,0]]"
bw_adfc8e6e6d676a891770,w00|w02|w07,"[[0,4,4,4,4,3],[4,0,4,4,4,4],[4,4,0,4,4,4],[4,4,4,0,4,2],[4,4,4,4,0,4],[3,4,4,2,4,0]]"
bw_ac0beeb2ff7b4cd164c6,w04|w05|w08,"[[0,4,4,4,4,4],[4,0,3,2,1,4],[4,3,0,2,3,4],[4,2,2,0,2,4],[4,1,3,2,0,4],[4,4,4,4,4,0]]"
bw_37c1af0305ede805ac1c,w01|w03|w05,"[[0,2,3,3,4,2],[2,0,2,3,3,2],[3,2,0,3,4,3],[3,3,3,0,4,4],[4,3,4,4,0,3],[2,2,3,4,3,0]]"
bw_0f05405f5f0edcc6f189,w02|w06|w09,"[[0,4,2,1,4,4],[4,0,4,4,4,4],[2,4,0,1,4,2],[1,4,1,0,4,3],[4,4,4,4,0,4],[4,4,2,3,4,0]]"
bw_5fa6de9ce25b93c937d2,w01|w08|w11,"[[0,4,4,4,4,4],[4,0,2,2,4,2],[4,2,0,3,4,4],[4,2,3,0,4,3],[4,4,4,4,0,4],[4,2,4,3,4,0]]"
bw_8ecd2cae940a52598612,w01|w03|w05,"[[0,3,3,2,3,4],[3,0,4,4,4,4],[3,4,0,3,3,4],[2,4,3,0,2,4],[3,4,3,2,0,4],[4,4,4,4,4,0]]"
bw_e612409b360221897d8f,w04|w10|w11,"[[0,4,4,3,4,4],[4,0,4,2,3,2],[4,4,0,4,4,4],[3,2,4,0,3,2],[4,3,4,3,0,2],[4,2,4,2,2,0]]"
bw_eb26744f79cb3ac40059,w08|w10|w11,"[[0,2,4,2,3,4],[2,0,4,2,3,4],[4,4,0,2,2,4],[2,2,2,0,2,4],[3,3,2,2,0,4],[4,4,4,4,4,0]]"
bw_4e49a1c7676fc1773a12,w02|w05|w07,"[[0,3,4,3,4,4],[3,0,4,2,4,4],[4,4,0,4,4,4],[3,2,4,0,4,4],[4,4,4,4,0,4],[4,4,4,4,4,0]]"
bw_3116c28863c7e4124cfd,w00|w02|w10,"[[0,3,4,4,4,4],[3,0,3,2,4,3],[4,3,0,4,4,4],[4,2,4,0,4,2],[4,4,4,4,0,4],[4,3,4,2,4,0]]"
bw_5c547eb8133ecc37de32,w01|w02|w10,"[[0,4,4,4,4,4],[4,0,4,2,4,4],[4,4,0,3,2,3],[4,2,3,0,3,4],[4,4,2,3,0,3],[4,4,3,4,3,0]]"
bw_c47aeacebbe3027a645d,w00|w10|w11,"[[0,4,4,4,4,4],[4,0,4,4,4,4],[4,4,0,2,3,4],[4,4,2,0,4,4],[4,4,3,4,0,4],[4,4,4,4,4,0]]"
bw_d1b543683414becaa734,w03|w06|w11,"[[0,4,3,3,3,4],[4,0,4,4,4,4],[3,4,0,2,2,4],[3,4,2,0,2,3],[3,4,2,2,0,2],[4,4,4,3,2,0]]"
bw_e9f396ac867a50e63f71,w02|w05|w06,"[[0,4,2,4,4,3],[4,0,4,4,3,4],[2,4,0,4,4,2],[4,4,4,0,4,3],[4,3,4,4,0,4],[3,4,2,3,4,0]]"
bw_9875cb33a97344ef8606,w00|w05|w06,"[[0,4,2,4,2,3],[4,0,4,4,4,4],[2,4,0,4,3,2],[4,4,4,0,4,4],[2,4,3,4,0,3],[3,4,2,4,3,0]]"
bw_008c7c29b8ed42f7c8a5,w02|w05|w10,"[[0,4,4,2,2,2],[4,0,4,4,4,4],[4,4,0,3,4,2],[2,4,3,0,2,2],[2,4,4,2,0,2],[2,4,2,2,2,0]]"
bw_5d719db1f260bb51b9de,w03|w07|w09,"[[0,3,4,4,2,3],[3,0,4,4,4,3],[4,4,0,4,4,4],[4,4,4,0,4,3],[2,4,4,4,0,3],[3,3,4,3,3,0]]"
bw_e3a2492b802b333bc449,w03|w05|w10,"[[0,4,4,4,4,4],[4,0,4,4,3,3],[4,4,0,4,4,3],[4,4,4,0,4,4],[4,3,4,4,0,4],[4,3,3,4,4,0]]"
bw_6c6de0ae407271cf6e29,w03|w09|w11,"[[0,4,2,2,3,2],[4,0,4,4,4,4],[2,4,0,2,2,2],[2,4,2,0,4,3],[3,4,2,4,0,2],[2,4,2,3,2,0]]"
bw_b3a277fb7dbb43ceb577,w01|w06|w10,"[[0,4,4,4,4,4],[4,0,3,4,4,2],[4,3,0,4,4,3],[4,4,4,0,2,4],[4,4,4,2,0,4],[4,2,3,4,4,0]]"
bw_000e518f7f0c38457b32,w01|w02|w11,"[[0,4,2,2,2,4],[4,0,4,4,4,4],[2,4,0,2,2,4],[2,4,2,0,2,4],[2,4,2,2,0,4],[4,4,4,4,4,0]]"
bw_5a21b52e40d869e56c15,w02|w06|w09,"[[0,4,3,4,3,4],[4,0,4,4,4,4],[3,4,0,2,2,2],[4,4,2,0,2,2],[3,4,2,2,0,3],[4,4,2,2,3,0]]"
bw_47656cb62e3a1e101257,w02|w05|w10,"[[0,2,2,2,2,4],[2,0,3,3,2,4],[2,3,0,4,3,4],[2,3,4,0,2,4],[2,2,3,2,0,4],[4,4,4,4,4,0]]"
bw_c7ba8442bcea3cb3fe4b,w04|w06|w08,"[[0,4,4,4,4,4],[4,0,2,2,3,4],[4,2,0,2,2,4],[4,2,2,0,2,4],[4,3,2,2,0,4],[4,4,4,4,4,0]]"
bw_ed1be70f6d53f7121d40,w01|w07|w10,"[[0,4,4,4,4,4],[4,0,2,2,2,4],[4,2,0,2,2,4],[4,2,2,0,3,4],[4,2,2,3,0,4],[4,4,4,4,4,0]]"
bw_0d4fd39081ed01536031,w01|w07|w11,"[[0,3,3,4,4,2],[3,0,2,4,2,2],[3,2,0,4,3,3],[4,4,4,0,4,4],[4,2,3,4,0,3],[2,2,3,4,3,0]]"
bw_508baa477a3013e9ca70,w03|w05|w10,"[[0,4,3,4,2,4],[4,0,4,4,4,4],[3,4,0,4,2,4],[4,4,4,0,4,4],[2,4,2,4,0,4],[4,4,4,4,4,0]]"
bw_0e0300e9b4bf4652b9e8,w04|w06|w08,"[[0,3,3,4,2,4],[3,0,2,4,3,4],[3,2,0,3,2,4],[4,4,3,0,3,4],[2,3,2,3,0,4],[4,4,4,4,4,0]]"
bw_39042467e4aa91140956,w00|w05|w10,"[[0,2,4,4,3,4],[2,0,4,4,3,3],[4,4,0,4,4,4],[4,4,4,0,4,4],[3,3,4,4,0,4],[4,3,4,4,4,0]]"
bw_7b3d5f458799e9bc11cf,w01|w02|w10,"[[0,4,2,2,2,3],[4,0,4,4,4,4],[2,4,0,1,1,4],[2,4,1,0,2,4],[2,4,1,2,0,3],[3,4,4,4,3,0]]"
bw_62c425a899943ef61c05,w01|w05|w07,"[[0,4,4,4,4,4],[4,0,4,4,4,4],[4,4,0,3,2,3],[4,4,3,0,2,3],[4,4,2,2,0,2],[4,4,3,3,2,0]]"
bw_7cccfa6ddb32e68bb65c,w03|w05|w07,"[[0,4,3,4,3,2],[4,0,4,4,4,4],[3,4,0,3,2,2],[4,4,3,0,4,2],[3,4,2,4,0,2],[2,4,2,2,2,0]]"
bw_de4b63bf745b956895e5,w00|w08|w09,"[[0,4,4,4,4,4],[4,0,4,4,4,4],[4,4,0,4,2,3],[4,4,4,0,4,4],[4,4,2,4,0,2],[4,4,3,4,2,0]]"
bw_44f5891bbb7e949f5e0c,w06|w08|w10,"[[0,4,4,2,3,2],[4,0,4,4,4,4],[4,4,0,4,4,4],[2,4,4,0,2,3],[3,4,4,2,0,3],[2,4,4,3,3,0]]"
bw_a1f5619d309b2c966666,w03|w07|w09,"[[0,4,4,4,4,4],[4,0,4,4,3,3],[4,4,0,4,3,4],[4,4,4,0,4,4],[4,3,3,4,0,4],[4,3,4,4,4,0]]"
bw_72725859ace8bb179fc0,w05|w08|w10,"[[0,2,4,3,3,4],[2,0,4,2,2,4],[4,4,0,4,4,4],[3,2,4,0,3,3],[3,2,4,3,0,4],[4,4,4,3,4,0]]"
bw_fdb3e8fcd1c646aa9c66,w00|w05|w11,"[[0,2,3,3,3,4],[2,0,3,4,4,4],[3,3,0,3,2,3],[3,4,3,0,4,4],[3,4,2,4,0,4],[4,4,3,4,4,0]]"
bw_c7a2b107d959142d96b7,w01|w03|w05,"[[0,3,3,4,4,4],[3,0,3,4,4,3],[3,3,0,4,4,2],[4,4,4,0,4,4],[4,4,4,4,0,4],[4,3,2,4,4,0]]"
bw_3df08abb4fd823d4459e,w02|w07|w08,"[[0,4,2,4,2,3],[4,0,4,4,4,4],[2,4,0,3,2,3],[4,4,3,0,4,3],[2,4,2,4,0,4],[3,4,3,3,4,0]]"
bw_163aa5e847e67e459519,w03|w05|w06,"[[0,2,3,3,4,4],[2,0,4,2,4,4],[3,4,0,4,4,4],[3,2,4,0,4,3],[4,4,4,4,0,4],[4,4,4,3,4,0]]"
bw_e6a0dca21c382d3725d5,w09|w10|w11,"[[0,4,3,3,4,4],[4,0,4,3,4,4],[3,4,0,3,4,3],[3,3,3,0,3,4],[4,4,4,3,0,4],[4,4,3,4,4,0]]"
bw_0d9a9113ea1c6168e042,w01|w07|w09,"[[0,3,4,2,4,4],[3,0,4,2,4,4],[4,4,0,4,4,4],[2,2,4,0,4,4],[4,4,4,4,0,4],[4,4,4,4,4,0]]"
bw_f9c75c3bd5a9bd1850db,w00|w02|w05,"[[0,4,4,4,4,4],[4,0,4,4,4,4],[4,4,0,4,3,4],[4,4,4,0,4,4],[4,4,3,4,0,3],[4,4,4,4,3,0]]"
bw_f98232601caf4dfe1305,w01|w04|w05,"[[0,4,4,4,4,4],[4,0,4,2,2,2],[4,4,0,4,3,4],[4,2,4,0,2,2],[4,2,3,2,0,2],[4,2,4,2,2,0]]"
bw_542afe149e98aac13585,w00|w03|w09,"[[0,4,2,2,3,4],[4,0,4,4,3,4],[2,4,0,2,3,3],[2,4,2,0,2,2],[3,3,3,2,0,3],[4,4,3,2,3,0]]"
bw_db21df5513adc164fa2d,w05|w09|w10,"[[0,3,1,4,2,4],[3,0,1,4,2,4],[1,1,0,4,2,4],[4,4,4,0,4,4],[2,2,2,4,0,3],[4,4,4,4,3,0]]"
bw_62375146936f0eb7cdd3,w07|w08|w10,"[[0,4,3,3,2,4],[4,0,4,4,3,3],[3,4,0,3,3,4],[3,4,3,0,2,3],[2,3,3,2,0,4],[4,3,4,3,4,0]]"
bw_64e4f3bbb22822231fe0,w00|w04|w10,"[[0,3,3,3,4,4],[3,0,4,4,4,4],[3,4,0,3,4,4],[3,4,3,0,4,4],[4,4,4,4,0,4],[4,4,4,4,4,0]]"
bw_f5de5d2b2b369df22a82,w02|w04|w05,"[[0,4,4,4,3,2],[4,0,4,4,4,4],[4,4,0,2,2,4],[4,4,2,0,2,4],[3,4,2,2,0,4],[2,4,4,4,4,0]]"
bw_216e8b15de4049d8339f,w02|w04|w08,"[[0,2,4,4,4,3],[2,0,4,4,4,2],[4,4,0,4,4,4],[4,4,4,0,4,3],[4,4,4,4,0,4],[3,2,4,3,4,0]]"
bw_348bebb08fa526911aa4,w01|w04|w09,"[[0,4,4,3,4,4],[4,0,4,4,4,4],[4,4,0,4,4,4],[3,4,4,0,4,4],[4,4,4,4,0,4],[4,4,4,4,4,0]]"
bw_be9e63626d9db0e03db7,w04|w05|w11,"[[0,3,4,3,3,4],[3,0,4,3,2,4],[4,4,0,4,4,4],[3,3,4,0,2,4],[3,2,4,2,0,4],[4,4,4,4,4,0]]"
bw_b887343d1f65aaa58a87,w01|w05|w08,"[[0,3,4,3,2,4],[3,0,4,2,3,4],[4,4,0,4,4,4],[3,2,4,0,4,4],[2,3,4,4,0,4],[4,4,4,4,4,0]]"
bw_23889d6692d9f99ea1f2,w00|w02|w05,"[[0,4,3,4,3,2],[4,0,3,4,4,4],[3,3,0,4,2,2],[4,4,4,0,4,4],[3,4,2,4,0,3],[2,4,2,4,3,0]]"
bw_d2a6ed08e5609a3f6099,w00|w08|w09,"[[0,4,4,4,4,4],[4,0,4,2,2,4],[4,4,0,4,4,4],[4,2,4,0,2,4],[4,2,4,2,0,4],[4,4,4,4,4,0]]"
bw_7c52399ce6a3b3020e94,w01|w02|w09,"[[0,4,4,4,4,4],[4,0,4,4,4,4],[4,4,0,2,4,2],[4,4,2,0,4,3],[4,4,4,4,0,4],[4,4,2,3,4,0]]"
bw_d3a7dffc226258a8ea76,w05|w07|w10,"[[0,3,2,2,4,3],[3,0,2,2,4,4],[2,2,0,2,4,4],[2,2,2,0,4,3],[4,4,4,4,0,4],[3,4,4,3,4,0]]"
bw_a4ca31bf08f3e3716f91,w00|w05|w09,"[[0,4,4,2,4,4],[4,0,2,3,2,3],[4,2,0,3,4,3],[2,3,3,0,4,3],[4,2,4,4,0,3],[4,3,3,3,3,0]]"
bw_7de53953f404fb70252b,w03|w07|w10,"[[0,2,4,3,4,2],[2,0,4,2,2,2],[4,4,0,4,4,4],[3,2,4,0,2,2],[4,2,4,2,0,3],[2,2,4,2,3,0]]"
bw_e336f7c3cce4f1448305,w00|w04|w08,"[[0,3,1,4,2,4],[3,0,3,4,2,4],[1,3,0,4,2,4],[4,4,4,0,4,4],[2,2,2,4,0,4],[4,4,4,4,4,0]]"
bw_50cbd64902266cbc6423,w01|w02|w03,"[[0,4,1,4,4,2],[4,0,4,2,4,4],[1,4,0,4,4,2],[4,2,4,0,4,4],[4,4,4,4,0,4],[2,4,2,4,4,0]]"
bw_d24aa32db02a618fbe28,w09|w10|w11,"[[0,2,4,4,2,4],[2,0,4,4,3,4],[4,4,0,4,3,4],[4,4,4,0,4,4],[2,3,3,4,0,4],[4,4,4,4,4,0]]"
bw_f4647288bc9d5d4297e8,w01|w02|w04,"[[0,4,4,4,4,4],[4,0,4,3,2,2],[4,4,0,4,4,4],[4,3,4,0,2,2],[4,2,4,2,0,2],[4,2,4,2,2,0]]"
bw_e0952a34df7b5af66142,w01|w07|w11,"[[0,2,4,2,4,3],[2,0,4,3,2,3],[4,4,0,4,4,4],[2,3,4,0,4,4],[4,2,4,4,0,4],[3,3,4,4,4,0]]"
bw_613110ac004719cc1091,w01|w04|w06,"[[0,4,3,3,4,3],[4,0,3,4,3,4],[3,3,0,3,4,4],[3,4,3,0,4,4],[4,3,4,4,0,4],[3,4,4,4,4,0]]"
bw_d52a025544fb1d9bb20f,w03|w09|w11,"[[0,4,4,4,3,3],[4,0,4,4,4,4],[4,4,0,4,4,4],[4,4,4,0,3,4],[3,4,4,3,0,3],[3,4,4,4,3,0]]"
bw_dbb6bb2a2b87f54cbe07,w01|w04|w11,"[[0,4,2,4,4,4],[4,0,4,4,4,4],[2,4,0,3,4,4],[4,4,3,0,4,4],[4,4,4,4,0,4],[4,4,4,4,4,0]]"
bw_b7935f9d5d191141113d,w03|w04|w08,"[[0,2,4,2,2,3],[2,0,4,3,2,2],[4,4,0,4,4,4],[2,3,4,0,2,4],[2,2,4,2,0,2],[3,2,4,4,2,0]]"
bw_f7257d3e94d10d54d40f,w05|w07|w08,"[[0,2,2,2,2,4],[2,0,3,2,3,4],[2,3,0,2,3,4],[2,2,2,0,2,4],[2,3,3,2,0,4],[4,4,4,4,4,0]]"
bw_62a864b3b893f5563b8f,w02|w04|w10,"[[0,4,4,4,4,4],[4,0,4,4,4,2],[4,4,0,4,4,3],[4,4,4,0,4,3],[4,4,4,4,0,4],[4,2,3,3,4,0]]"
bw_76d0f1f2560f633035d2,w00|w05|w09,"[[0,2,2,4,3,4],[2,0,3,4,2,4],[2,3,0,4,2,4],[4,4,4,0,3,4],[3,2,2,3,0,4],[4,4,4,4,4,0]]"
bw_8e65f9262a0356653fce,w01|w07|w08,"[[0,4,3,4,4,4],[4,0,4,4,4,4],[3,4,0,2,4,2],[4,4,2,0,4,2],[4,4,4,4,0,4],[4,4,2,2,4,0]]"
bw_e2e11ee5d55a655bc6b4,w03|w08|w10,"[[0,4,4,4,4,4],[4,0,4,3,4,4],[4,4,0,4,4,4],[4,3,4,0,2,4],[4,4,4,2,0,4],[4,4,4,4,4,0]]"
bw_f872fe802f2a0d115792,w07|w08|w09,"[[0,4,4,4,4,4],[4,0,2,4,3,2],[4,2,0,4,3,2],[4,4,4,0,4,4],[4,3,3,4,0,3],[4,2,2,4,3,0]]"
bw_2c92d453f70d813f3aac,w03|w06|w07,"[[0,2,4,3,3,2],[2,0,4,4,2,2],[4,4,0,4,4,4],[3,4,4,0,2,3],[3,2,4,2,0,2],[2,2,4,3,2,0]]"
bw_90e6bd9d87d5d537a344,w02|w10|w11,"[[0,2,4,4,2,3],[2,0,4,4,2,2],[4,4,0,4,3,2],[4,4,4,0,4,4],[2,2,3,4,0,2],[3,2,2,4,2,0]]"
bw_ccd311eac4e263374a00,w01|w04|w10,"[[0,2,4,4,4,4],[2,0,4,4,4,4],[4,4,0,4,4,2],[4,4,4,0,4,4],[4,4,4,4,0,4],[4,4,2,4,4,0]]"
bw_302e1ddf2a17c9c6390a,w03|w07|w09,"[[0,4,3,4,4,4],[4,0,2,4,4,2],[3,2,0,4,4,3],[4,4,4,0,4,4],[4,4,4,4,0,4],[4,2,3,4,4,0]]"
bw_f740bbc56047afb15589,w01|w08|w11,"[[0,4,3,2,3,4],[4,0,4,4,4,4],[3,4,0,3,2,4],[2,4,3,0,2,4],[3,4,2,2,0,4],[4,4,4,4,4,0]]"
bw_d5cf8f15d329ac3e47ed,w00|w05|w11,"[[0,3,3,2,4,1],[3,0,3,2,4,3],[3,3,0,3,4,3],[2,2,3,0,4,2],[4,4,4,4,0,4],[1,3,3,2,4,0]]"
bw_bd8656a4208d6e5e1267,w00|w03|w07,"[[0,2,2,2,4,2],[2,0,2,3,4,3],[2,2,0,2,4,3],[2,3,2,0,4,2],[4,4,4,4,0,4],[2,3,3,2,4,0]]"
bw_95085e4dc31320e620a9,w01|w02|w08,"[[0,3,4,4,4,3],[3,0,4,4,4,4],[4,4,0,4,4,2],[4,4,4,0,2,4],[4,4,4,2,0,3],[3,4,2,4,3,0]]"
bw_04b71e37d395dfcaf73b,w01|w05|w08,"[[0,4,4,2,2,3],[4,0,4,3,4,4],[4,4,0,4,2,4],[2,3,4,0,3,4],[2,4,2,3,0,3],[3,4,4,4,3,0]]"
bw_d3dc5a648b9eb7ec48e9,w03|w06|w10,"[[0,4,4,4,4,4],[4,0,3,2,4,2],[4,3,0,2,4,2],[4,2,2,0,4,2],[4,4,4,4,0,4],[4,2,2,2,4,0]]"
bw_56278b8dd6adcff7bde2,w01|w04|w05,"[[0,4,2,3,4,2],[4,0,4,4,4,4],[2,4,0,3,4,3],[3,4,3,0,4,3],[4,4,4,4,0,4],[2,4,3,3,4,0]]"
bw_fce594bb709072f1ab06,w01|w04|w07,"[[0,4,4,4,4,4],[4,0,2,4,4,4],[4,2,0,4,2,2],[4,4,4,0,4,4],[4,4,2,4,0,2],[4,4,2,4,2,0]]"
bw_e580e1c5103388f62bc0,w06|w09|w11,"[[0,4,4,4,4,4],[4,0,4,4,4,4],[4,4,0,2,4,2],[4,4,2,0,3,2],[4,4,4,3,0,3],[4,4,2,2,3,0]]"
bw_9c3b3dcf6de05cb99eda,w05|w09|w10,"[[0,4,4,4,4,4],[4,0,4,3,3,1],[4,4,0,3,2,2],[4,3,3,0,1,2],[4,3,2,1,0,2],[4,1,2,2,2,0]]"
bw_4b644c2514a193b92040,w06|w10|w11,"[[0,3,4,4,2,2],[3,0,4,4,3,4],[4,4,0,4,4,4],[4,4,4,0,4,2],[2,3,4,4,0,2],[2,4,4,2,2,0]]"
bw_b73ff61994d0c73f611d,w01|w09|w10,"[[0,2,2,2,3,3],[2,0,4,3,4,3],[2,4,0,3,3,4],[2,3,3,0,4,4],[3,4,3,4,0,3],[3,3,4,4,3,0]]"
bw_2ddd1e81ce069ce9addf,w02|w04|w05,"[[0,4,4,4,4,4],[4,0,4,3,4,3],[4,4,0,4,4,4],[4,3,4,0,3,3],[4,4,4,3,0,4],[4,3,4,3,4,0]]"
bw_586f01d51221ee435d8e,w01|w07|w09,"[[0,4,4,4,4,4],[4,0,2,4,4,4],[4,2,0,4,4,3],[4,4,4,0,4,4],[4,4,4,4,0,3],[4,4,3,4,3,0]]"
bw_8ecd06fcb20dadbe6438,w02|w05|w09,"[[0,2,3,4,4,3],[2,0,2,4,3,3],[3,2,0,4,4,3],[4,4,4,0,4,4],[4,3,4,4,0,3],[3,3,3,4,3,0]]"
bw_0e4adcd885b9b01f5586,w03|w07|w11,"[[0,3,4,4,4,4],[3,0,3,2,4,3],[4,3,0,3,4,4],[4,2,3,0,4,2],[4,4,4,4,0,4],[4,3,4,2,4,0]]"
bw_d85b57d523619639dfc7,w00|w02|w05,"[[0,4,4,4,4,4],[4,0,4,4,3,4],[4,4,0,4,4,4],[4,4,4,0,4,3],[4,3,4,4,0,4],[4,4,4,3,4,0]]"
bw_b78571f567e3b4483bf6,w03|w04|w06,"[[0,4,4,4,4,4],[4,0,4,3,3,2],[4,4,0,2,3,2],[4,3,2,0,3,3],[4,3,3,3,0,3],[4,2,2,3,3,0]]"
bw_5a917fc4a01a4c5e5669,w03|w07|w08,"[[0,3,3,2,2,3],[3,0,3,3,2,2],[3,3,0,2,3,2],[2,3,2,0,2,3],[2,2,3,2,0,3],[3,2,2,3,3,0]]"
bw_cf9bd0295b7ce9b2c998,w06|w09|w11,"[[0,4,4,4,4,4],[4,0,3,3,2,3],[4,3,0,4,2,3],[4,3,4,0,4,2],[4,2,2,4,0,2],[4,3,3,2,2,0]]"
bw_fd63b9ab1b6b2ec9d02d,w05|w06|w07,"[[0,4,2,4,4,2],[4,0,4,4,4,4],[2,4,0,4,4,2],[4,4,4,0,4,4],[4,4,4,4,0,3],[2,4,2,4,3,0]]"
bw_d18bcc3e43d17cfbdd5b,w00|w05|w07,"[[0,2,2,4,2,4],[2,0,2,4,2,4],[2,2,0,4,2,4],[4,4,4,0,4,4],[2,2,2,4,0,4],[4,4,4,4,4,0]]"
bw_0762fd4125e697a0b546,w03|w10|w11,"[[0,3,2,4,4,2],[3,0,2,4,4,3],[2,2,0,4,3,3],[4,4,4,0,4,4],[4,4,3,4,0,4],[2,3,3,4,4,0]]"
bw_2d50ae32559cc1fdab8f,w04|w06|w07,"[[0,2,4,2,2,3],[2,0,4,2,3,2],[4,4,0,4,4,4],[2,2,4,0,2,3],[2,3,4,2,0,3],[3,2,4,3,3,0]]"
bw_207f4483d0e8c1afcbcd,w03|w04|w06,"[[0,4,4,4,4,4],[4,0,4,3,4,3],[4,4,0,4,4,4],[4,3,4,0,4,3],[4,4,4,4,0,4],[4,3,4,3,4,0]]"
bw_8974249df262c0ff72f9,w05|w07|w11,"[[0,4,4,3,3,2],[4,0,4,3,4,3],[4,4,0,4,4,4],[3,3,4,0,2,2],[3,4,4,2,0,2],[2,3,4,2,2,0]]"
bw_e273262ecb666a3af40b,w02|w03|w10,"[[0,4,4,4,4,4],[4,0,4,4,4,4],[4,4,0,4,3,2],[4,4,4,0,2,4],[4,4,3,2,0,3],[4,4,2,4,3,0]]"
bw_a7ef3b53e84e67d421ab,w01|w03|w07,"[[0,3,2,2,4,4],[3,0,3,3,4,4],[2,3,0,3,4,4],[2,3,3,0,4,4],[4,4,4,4,0,4],[4,4,4,4,4,0]]"
bw_9230d27c1738fcf6eebd,w03|w05|w10,"[[0,4,2,2,4,3],[4,0,4,4,4,4],[2,4,0,2,3,2],[2,4,2,0,2,2],[4,4,3,2,0,2],[3,4,2,2,2,0]]"
bw_3b65ca2d7e0f927eedd7,w04|w09|w11,"[[0,4,4,3,4,3],[4,0,4,4,4,4],[4,4,0,4,4,4],[3,4,4,0,2,2],[4,4,4,2,0,4],[3,4,4,2,4,0]]"
bw_87b021121a60608b20ec,w04|w05|w06,"[[0,2,2,4,2,2],[2,0,4,4,3,4],[2,4,0,4,3,2],[4,4,4,0,4,4],[2,3,3,4,0,2],[2,4,2,4,2,0]]"
bw_5e463326b1b21a84b451,w00|w01|w07,"[[0,3,2,4,3,1],[3,0,3,4,2,2],[2,3,0,4,2,2],[4,4,4,0,4,4],[3,2,2,4,0,3],[1,2,2,4,3,0]]"
bw_73fa3428b7bf7f3c14c3,w04|w06|w09,"[[0,4,2,4,2,4],[4,0,4,4,4,4],[2,4,0,4,2,4],[4,4,4,0,4,4],[2,4,2,4,0,4],[4,4,4,4,4,0]]"
bw_f30097b300941766105e,w04|w09|w10,"[[0,4,4,4,4,4],[4,0,4,4,3,3],[4,4,0,4,3,2],[4,4,4,0,4,4],[4,3,3,4,0,2],[4,3,2,4,2,0]]"
bw_7d50894213dd4cdfbc4b,w06|w10|w11,"[[0,4,4,4,2,1],[4,0,4,4,4,4],[4,4,0,4,4,4],[4,4,4,0,2,3],[2,4,4,2,0,2],[1,4,4,3,2,0]]"
bw_db7aa4e0ad0547300af5,w01|w07|w11,"[[0,1,4,1,2,2],[1,0,4,2,2,2],[4,4,0,4,4,4],[1,2,4,0,3,3],[2,2,4,3,0,3],[2,2,4,3,3,0]]"
bw_ba03faab46d758e25c25,w06|w07|w10,"[[0,2,3,4,4,4],[2,0,3,4,2,4],[3,3,0,4,4,4],[4,4,4,0,4,4],[4,2,4,4,0,4],[4,4,4,4,4,0]]"
bw_a712953f1decaa4dcbb5,w00|w09|w11,"[[0,3,3,4,2,3],[3,0,3,4,2,2],[3,3,0,3,2,4],[4,4,3,0,3,4],[2,2,2,3,0,3],[3,2,4,4,3,0]]"
bw_522e61dfc3259eec8944,w00|w04|w11,"[[0,4,4,4,4,4],[4,0,3,3,2,2],[4,3,0,4,2,2],[4,3,4,0,3,2],[4,2,2,3,0,2],[4,2,2,2,2,0]]"
bw_4f0b9d6217605f425343,w01|w03|w05,"[[0,2,4,3,2,2],[2,0,4,3,3,2],[4,4,0,4,4,4],[3,3,4,0,2,3],[2,3,4,2,0,3],[2,2,4,3,3,0]]"
bw_428a0b1a8262c6c472f2,w02|w08|w11,"[[0,4,4,4,4,4],[4,0,4,4,4,4],[4,4,0,4,4,2],[4,4,4,0,4,3],[4,4,4,4,0,4],[4,4,2,3,4,0]]"
bw_42a78eea9bf9fb1276a8,w00|w02|w05,"[[0,2,4,4,3,2],[2,0,4,4,3,2],[4,4,0,4,4,4],[4,4,4,0,4,4],[3,3,4,4,0,2],[2,2,4,4,2,0]]"
bw_a24bf5f6ce11a184ad68,w05|w07|w08,"[[0,3,2,4,3,4],[3,0,2,4,2,2],[2,2,0,3,3,2],[4,4,3,0,4,3],[3,2,3,4,0,4],[4,2,2,3,4,0]]"
bw_f8649249f185eed6e346,w00|w03|w11,"[[0,4,4,4,4,2],[4,0,3,4,3,4],[4,3,0,4,2,3],[4,4,4,0,4,4],[4,3,2,4,0,4],[2,4,3,4,4,0]]"
bw_4959f8f889215c8bca7d,w00|w08|w10,"[[0,3,3,4,4,2],[3,0,2,4,4,3],[3,2,0,4,4,2],[4,4,4,0,4,4],[4,4,4,4,0,4],[2,3,2,4,4,0]]"
bw_f590fe250ed1f849212d,w01|w04|w10,"[[0,4,4,4,4,4],[4,0,4,4,4,4],[4,4,0,3,2,2],[4,4,3,0,4,4],[4,4,2,4,0,2],[4,4,2,4,2,0]]"
bw_84c9326f16c226cb948e,w06|w07|w09,"[[0,4,2,3,3,3],[4,0,4,4,4,4],[2,4,0,2,2,3],[3,4,2,0,2,2],[3,4,2,2,0,4],[3,4,3,2,4,0]]"
bw_73e3e0e5b3fbc560476f,w02|w07|w11,"[[0,4,4,4,4,4],[4,0,2,2,4,4],[4,2,0,2,4,4],[4,2,2,0,4,4],[4,4,4,4,0,4],[4,4,4,4,4,0]]"
bw_80bb646d85a52064a9eb,w02|w05|w09,"[[0,4,4,4,4,4],[4,0,2,2,3,4],[4,2,0,4,4,4],[4,2,4,0,4,4],[4,3,4,4,0,4],[4,4,4,4,4,0]]"
bw_39aeccd7045f41c39ab6,w01|w06|w10,"[[0,4,4,4,4,4],[4,0,2,3,1,2],[4,2,0,4,2,3],[4,3,4,0,3,3],[4,1,2,3,0,2],[4,2,3,3,2,0]]"
bw_5389ca6c5f84657ab560,w06|w07|w08,"[[0,4,4,4,4,4],[4,0,3,3,4,4],[4,3,0,2,2,4],[4,3,2,0,3,4],[4,4,2,3,0,4],[4,4,4,4,4,0]]"
bw_7d3c1221ef52470f604f,w05|w06|w07,"[[0,4,4,4,4,4],[4,0,4,4,4,4],[4,4,0,2,2,2],[4,4,2,0,3,2],[4,4,2,3,0,2],[4,4,2,2,2,0]]"
bw_54eff3cf5d60f9344480,w04|w10|w11,"[[0,3,3,4,4,4],[3,0,2,2,4,3],[3,2,0,2,4,2],[4,2,2,0,4,3],[4,4,4,4,0,4],[4,3,2,3,4,0]]"
bw_cc8eb411350813e63e91,w00|w06|w07,"[[0,2,4,4,2,2],[2,0,2,4,2,2],[4,2,0,4,2,2],[4,4,4,0,4,4],[2,2,2,4,0,2],[2,2,2,4,2,0]]"
bw_82da02c15da49f993830,w00|w02|w09,"[[0,4,4,4,4,2],[4,0,2,4,4,4],[4,2,0,4,3,4],[4,4,4,0,4,4],[4,4,3,4,0,4],[2,4,4,4,4,0]]"
bw_9ae6cf60c15b67b251d5,w04|w08|w11,"[[0,4,4,4,3,4],[4,0,4,4,4,4],[4,4,0,4,4,4],[4,4,4,0,4,4],[3,4,4,4,0,4],[4,4,4,4,4,0]]"
bw_05dbefa71c43014b2cbc,w00|w01|w06,"[[0,2,3,4,4,2],[2,0,2,4,4,2],[3,2,0,4,4,3],[4,4,4,0,4,4],[4,4,4,4,0,4],[2,2,3,4,4,0]]"
bw_c3a6ffd5a1cc2dd46274,w02|w09|w11,"[[0,4,4,4,4,4],[4,0,4,4,4,2],[4,4,0,4,4,4],[4,4,4,0,4,4],[4,4,4,4,0,2],[4,2,4,4,2,0]]"
bw_b4db01491270b9928b25,w04|w05|w09,"[[0,4,4,4,4,4],[4,0,4,2,4,2],[4,4,0,4,4,4],[4,2,4,0,4,2],[4,4,4,4,0,3],[4,2,4,2,3,0]]"
bw_0caf0005bc872096ada5,w01|w03|w05,"[[0,4,3,2,3,4],[4,0,4,4,4,4],[3,4,0,2,3,4],[2,4,2,0,3,2],[3,4,3,3,0,4],[4,4,4,2,4,0]]"
bw_07aea835de00e6c96fe2,w05|w08|w10,"[[0,3,4,4,3,4],[3,0,4,4,2,3],[4,4,0,4,4,4],[4,4,4,0,4,4],[3,2,4,4,0,4],[4,3,4,4,4,0]]"
bw_0e5c881123bf41e8afa1,w01|w09|w10,"[[0,4,4,4,4,4],[4,0,3,4,4,2],[4,3,0,4,4,3],[4,4,4,0,4,4],[4,4,4,4,0,4],[4,2,3,4,4,0]]"
bw_d9459cc668408e38623a,w01|w07|w09,"[[0,4,4,4,4,4],[4,0,2,3,3,2],[4,2,0,2,2,3],[4,3,2,0,3,3],[4,3,2,3,0,4],[4,2,3,3,4,0]]"
bw_b5e9ca14c4af1a839ab6,w00|w02|w05,"[[0,4,4,4,4,4],[4,0,3,3,2,2],[4,3,0,3,2,1],[4,3,3,0,3,2],[4,2,2,3,0,1],[4,2,1,2,1,0]]"
bw_a29057fe9fd67d8a025e,w00|w01|w06,"[[0,2,3,4,3,3],[2,0,2,4,2,3],[3,2,0,4,3,2],[4,4,4,0,4,4],[3,2,3,4,0,3],[3,3,2,4,3,0]]"
bw_f49b369174abaf1f7302,w00|w03|w05,"[[0,2,4,3,3,2],[2,0,4,2,2,2],[4,4,0,4,4,4],[3,2,4,0,3,3],[3,2,4,3,0,2],[2,2,4,3,2,0]]"
bw_6b5e85d3d0ac5a2edeae,w02|w05|w08,"[[0,4,4,3,3,4],[4,0,4,2,3,1],[4,4,0,4,4,4],[3,2,4,0,3,2],[3,3,4,3,0,2],[4,1,4,2,2,0]]"
bw_1ee9592f6170d08d3077,w03|w04|w11,"[[0,4,4,4,4,4],[4,0,4,4,4,4],[4,4,0,4,3,4],[4,4,4,0,4,4],[4,4,3,4,0,4],[4,4,4,4,4,0]]"
bw_99aa6e1da73b0ab75669,w01|w07|w11,"[[0,3,4,4,3,2],[3,0,2,4,2,2],[4,2,0,4,2,3],[4,4,4,0,4,4],[3,2,2,4,0,2],[2,2,3,4,2,0]]"
bw_9cc3a86c550f45f1bf67,w02|w05|w11,"[[0,1,4,4,4,4],[1,0,4,4,4,4],[4,4,0,4,4,4],[4,4,4,0,4,4],[4,4,4,4,0,3],[4,4,4,4,3,0]]"
bw_aa6dbdfbfa0517bee2bc,w09|w10|w11,"[[0,2,2,2,4,4],[2,0,3,2,4,4],[2,3,0,2,4,4],[2,2,2,0,4,3],[4,4,4,4,0,4],[4,4,4,3,4,0]]"
bw_118f68a72ed341a5c36a,w04|w07|w11,"[[0,2,4,3,3,2],[2,0,4,3,4,3],[4,4,0,4,4,4],[3,3,4,0,2,2],[3,4,4,2,0,2],[2,3,4,2,2,0]]"
bw_ccd3cfd2f73374f899b6,w05|w09|w11,"[[0,4,2,1,4,4],[4,0,3,4,4,4],[2,3,0,2,4,4],[1,4,2,0,4,4],[4,4,4,4,0,4],[4,4,4,4,4,0]]"
bw_5c8bed8786bde74e9693,w02|w03|w04,"[[0,1,2,4,4,4],[1,0,2,4,3,4],[2,2,0,4,3,4],[4,4,4,0,4,4],[4,3,3,4,0,4],[4,4,4,4,4,0]]"
bw_ac564f3129af3ca75e64,w08|w09|w10,"[[0,4,4,4,4,4],[4,0,3,3,4,4],[4,3,0,2,4,3],[4,3,2,0,4,4],[4,4,4,4,0,4],[4,4,3,4,4,0]]"
bw_58600cc212c6d498d877,w02|w06|w10,"[[0,4,3,4,2,3],[4,0,3,4,3,4],[3,3,0,4,2,4],[4,4,4,0,4,4],[2,3,2,4,0,4],[3,4,4,4,4,0]]"
bw_e175062c3fd2b4229a5e,w02|w06|w09,"[[0,3,2,4,4,4],[3,0,2,4,4,4],[2,2,0,4,4,4],[4,4,4,0,4,4],[4,4,4,4,0,3],[4,4,4,4,3,0]]"
bw_7969ef49efd02ef40a93,w02|w04|w06,"[[0,4,3,4,4,3],[4,0,4,4,4,4],[3,4,0,4,4,2],[4,4,4,0,4,3],[4,4,4,4,0,4],[3,4,2,3,4,0]]"
bw_086d46f1463c5e0fa0ca,w03|w07|w08,"[[0,2,2,4,3,2],[2,0,2,4,2,3],[2,2,0,4,2,3],[4,4,4,0,4,4],[3,2,2,4,0,3],[2,3,3,4,3,0]]"
bw_6f2c7679a9958c6fb30a,w01|w02|w06,"[[0,3,2,2,4,2],[3,0,3,4,4,3],[2,3,0,2,4,2],[2,4,2,0,4,3],[4,4,4,4,0,4],[2,3,2,3,4,0]]"
bw_0e1df471408d91a32f54,w05|w07|w09,"[[0,4,4,4,4,4],[4,0,3,3,4,3],[4,3,0,4,3,3],[4,3,4,0,4,3],[4,4,3,4,0,4],[4,3,3,3,4,0]]"
bw_b6d07da88177aac9eb44,w01|w02|w05,"[[0,2,4,3,4,2],[2,0,4,3,3,2],[4,4,0,4,4,4],[3,3,4,0,4,4],[4,3,4,4,0,4],[2,2,4,4,4,0]]"
bw_f4aa51e350b3ede6f349,w05|w07|w11,"[[0,3,3,4,2,4],[3,0,2,4,2,4],[3,2,0,4,2,4],[4,4,4,0,4,4],[2,2,2,4,0,4],[4,4,4,4,4,0]]"
bw_7be55132eabe0b7a0628,w04|w09|w10,"[[0,4,4,4,2,3],[4,0,4,2,3,2],[4,4,0,4,4,4],[4,2,4,0,3,2],[2,3,4,3,0,2],[3,2,4,2,2,0]]"
bw_d55a850780fa1e9ef302,w02|w04|w07,"[[0,2,2,3,4,4],[2,0,3,3,4,4],[2,3,0,2,4,4],[3,3,2,0,4,4],[4,4,4,4,0,4],[4,4,4,4,4,0]]"
bw_9e478650894dd2102ac9,w01|w04|w05,"[[0,4,4,2,3,4],[4,0,4,4,4,4],[4,4,0,4,4,4],[2,4,4,0,2,4],[3,4,4,2,0,2],[4,4,4,4,2,0]]"
bw_44bd3dfc363e66af9c3f,w01|w08|w11,"[[0,4,4,4,4,4],[4,0,3,3,2,4],[4,3,0,4,3,4],[4,3,4,0,2,4],[4,2,3,2,0,4],[4,4,4,4,4,0]]"
bw_0d3927ccc69275bd6c89,w01|w03|w08,"[[0,4,4,4,4,4],[4,0,4,4,3,4],[4,4,0,4,3,3],[4,4,4,0,4,4],[4,3,3,4,0,2],[4,4,3,4,2,0]]"
bw_6d656a7c4a68c44346b6,w00|w06|w07,"[[0,4,4,4,4,4],[4,0,2,2,2,3],[4,2,0,2,2,2],[4,2,2,0,2,2],[4,2,2,2,0,3],[4,3,2,2,3,0]]"
bw_90fa0602f678f9eb469c,w00|w02|w03,"[[0,2,4,2,4,3],[2,0,4,2,4,2],[4,4,0,4,4,4],[2,2,4,0,4,2],[4,4,4,4,0,4],[3,2,4,2,4,0]]"
bw_37f40769a2f1269ca92a,w00|w02|w05,"[[0,2,4,2,3,2],[2,0,4,2,3,3],[4,4,0,4,4,4],[2,2,4,0,3,2],[3,3,4,3,0,4],[2,3,4,2,4,0]]"
bw_de340d6af8cabdf14dcd,w01|w07|w09,"[[0,4,3,3,4,4],[4,0,4,4,4,4],[3,4,0,2,3,4],[3,4,2,0,2,4],[4,4,3,2,0,4],[4,4,4,4,4,0]]"
bw_228b58edb203785b25f7,w02|w03|w07,"[[0,3,2,2,3,4],[3,0,3,3,4,3],[2,3,0,2,2,3],[2,3,2,0,2,3],[3,4,2,2,0,4],[4,3,3,3,4,0]]"
bw_d70d5bd6f638118cf7a5,w02|w04|w09,"[[0,4,4,4,4,4],[4,0,4,4,4,4],[4,4,0,4,4,4],[4,4,4,0,4,4],[4,4,4,4,0,4],[4,4,4,4,4,0]]"
bw_3ba564a6bd86f2c985c5,w04|w05|w06,"[[0,3,2,4,4,4],[3,0,3,4,4,4],[2,3,0,3,3,4],[4,4,3,0,2,4],[4,4,3,2,0,4],[4,4,4,4,4,0]]"
bw_c14619c233cc93a18554,w01|w06|w07,"[[0,3,4,4,4,3],[3,0,4,4,4,4],[4,4,0,4,4,4],[4,4,4,0,4,4],[4,4,4,4,0,4],[3,4,4,4,4,0]]"
bw_c1029784bdd8c2a6701d,w06|w09|w10,"[[0,4,4,2,3,2],[4,0,4,4,3,3],[4,4,0,4,4,4],[2,4,4,0,2,2],[3,3,4,2,0,2],[2,3,4,2,2,0]]"
bw_d5136ef35de4d162df72,w03|w04|w09,"[[0,4,2,4,4,2],[4,0,4,4,4,4],[2,4,0,4,4,2],[4,4,4,0,4,4],[4,4,4,4,0,4],[2,4,2,4,4,0]]"
bw_05303ca2c7c62b494d71,w05|w07|w08,"[[0,4,4,4,4,4],[4,0,4,4,4,4],[4,4,0,4,4,4],[4,4,4,0,4,4],[4,4,4,4,0,4],[4,4,4,4,4,0]]"
bw_d26469fe2b644e0c654b,w01|w02|w10,"[[0,3,4,2,2,2],[3,0,4,3,2,1],[4,4,0,4,4,4],[2,3,4,0,2,3],[2,2,4,2,0,1],[2,1,4,3,1,0]]"
bw_183e5af2135ce6475f5e,w03|w07|w09,"[[0,2,2,4,4,2],[2,0,2,4,4,2],[2,2,0,4,4,3],[4,4,4,0,4,4],[4,4,4,4,0,4],[2,2,3,4,4,0]]"
bw_fec287ecd89312392e4b,w01|w06|w07,"[[0,4,1,2,4,4],[4,0,4,4,4,4],[1,4,0,1,4,4],[2,4,1,0,4,4],[4,4,4,4,0,4],[4,4,4,4,4,0]]"
bw_471a279c679ae0db69eb,w01|w09|w11,"[[0,4,3,2,2,4],[4,0,4,4,4,4],[3,4,0,3,2,4],[2,4,3,0,2,4],[2,4,2,2,0,4],[4,4,4,4,4,0]]"
bw_ae1f7c7f3d7fd20445be,w00|w05|w11,"[[0,4,4,4,4,4],[4,0,4,4,4,4],[4,4,0,1,4,2],[4,4,1,0,4,2],[4,4,4,4,0,3],[4,4,2,2,3,0]]"
bw_2024ce4dc691d2144243,w02|w05|w06,"[[0,2,3,2,4,3],[2,0,2,3,4,3],[3,2,0,2,4,3],[2,3,2,0,4,4],[4,4,4,4,0,4],[3,3,3,4,4,0]]"
bw_bd1e48506662e116b50e,w01|w05|w08,"[[0,2,3,3,4,3],[2,0,2,2,4,3],[3,2,0,4,4,3],[3,2,4,0,4,3],[4,4,4,4,0,4],[3,3,3,3,4,0]]"
bw_40c1b57e3e0a638cc14c,w01|w07|w08,"[[0,4,4,4,4,4],[4,0,4,4,4,4],[4,4,0,3,2,4],[4,4,3,0,1,4],[4,4,2,1,0,4],[4,4,4,4,4,0]]"
bw_a9ee25582b9f1ef30d9d,w02|w05|w09,"[[0,3,3,4,4,2],[3,0,2,4,4,2],[3,2,0,4,4,2],[4,4,4,0,4,4],[4,4,4,4,0,4],[2,2,2,4,4,0]]"
bw_bdb4c0dc18dbf8533dad,w03|w06|w09,"[[0,2,3,3,3,4],[2,0,2,2,2,4],[3,2,0,3,2,4],[3,2,3,0,2,4],[3,2,2,2,0,4],[4,4,4,4,4,0]]"
bw_3195796da9f05be07aba,w01|w06|w11,"[[0,4,4,4,4,4],[4,0,4,4,4,4],[4,4,0,4,3,3],[4,4,4,0,4,4],[4,4,3,4,0,4],[4,4,3,4,4,0]]"
bw_c3d8b73f8e70662eae3e,w02|w10|w11,"[[0,4,4,4,4,4],[4,0,2,4,4,3],[4,2,0,2,4,3],[4,4,2,0,4,2],[4,4,4,4,0,4],[4,3,3,2,4,0]]"
bw_963a0f82d4c5f53dca3f,w02|w04|w05,"[[0,3,4,3,4,4],[3,0,4,3,4,4],[4,4,0,2,4,4],[3,3,2,0,4,4],[4,4,4,4,0,4],[4,4,4,4,4,0]]"
bw_73b17406417edc385601,w02|w04|w11,"[[0,4,4,4,4,4],[4,0,4,4,4,3],[4,4,0,4,4,4],[4,4,4,0,4,4],[4,4,4,4,0,4],[4,3,4,4,4,0]]"
bw_3389fcfeb5056b575dcd,w04|w09|w10,"[[0,4,4,2,3,4],[4,0,4,2,2,3],[4,4,0,4,4,4],[2,2,4,0,2,3],[3,2,4,2,0,2],[4,3,4,3,2,0]]"
bw_7f401c833b44f2eef423,w03|w05|w10,"[[0,3,3,4,3,3],[3,0,3,4,4,4],[3,3,0,3,3,4],[4,4,3,0,4,4],[3,4,3,4,0,3],[3,4,4,4,3,0]]"
bw_bfc3ebe6f8db3fecb6ac,w02|w06|w07,"[[0,2,4,4,3,2],[2,0,3,4,3,2],[4,3,0,4,2,2],[4,4,4,0,4,4],[3,3,2,4,0,2],[2,2,2,4,2,0]]"
bw_ab9011ff5c1e3a49f347,w03|w05|w06,"[[0,4,4,4,3,4],[4,0,3,4,2,4],[4,3,0,4,3,4],[4,4,4,0,4,4],[3,2,3,4,0,4],[4,4,4,4,4,0]]"
bw_9c2de0ad3a5d5131d6da,w01|w02|w09,"[[0,2,3,4,2,4],[2,0,2,4,2,4],[3,2,0,4,4,4],[4,4,4,0,4,4],[2,2,4,4,0,4],[4,4,4,4,4,0]]"
bw_fcb86fef1a2d1e5b4808,w01|w03|w10,"[[0,4,4,4,4,4],[4,0,2,2,4,2],[4,2,0,2,4,2],[4,2,2,0,4,3],[4,4,4,4,0,4],[4,2,2,3,4,0]]"
bw_bac2031b5cb32461b75f,w03|w05|w06,"[[0,3,2,3,4,4],[3,0,3,2,4,4],[2,3,0,2,3,4],[3,2,2,0,3,4],[4,4,3,3,0,4],[4,4,4,4,4,0]]"
bw_5d582c220454b541ae01,w03|w04|w06,"[[0,3,3,3,2,3],[3,0,3,3,3,4],[3,3,0,3,3,4],[3,3,3,0,2,2],[2,3,3,2,0,2],[3,4,4,2,2,0]]"
bw_ba4eebb14d01a4a40b50,w03|w06|w08,"[[0,4,4,4,3,2],[4,0,3,4,3,3],[4,3,0,4,4,4],[4,4,4,0,4,4],[3,3,4,4,0,4],[2,3,4,4,4,0]]"
bw_6dcd3fa8a4ae85bedada,w01|w03|w05,"[[0,3,4,4,4,4],[3,0,4,4,4,4],[4,4,0,4,4,4],[4,4,4,0,4,4],[4,4,4,4,0,4],[4,4,4,4,4,0]]"
bw_414dfe93f6eaddff8819,w00|w08|w11,"[[0,4,4,2,3,3],[4,0,4,4,4,4],[4,4,0,4,4,4],[2,4,4,0,2,3],[3,4,4,2,0,2],[3,4,4,3,2,0]]"
bw_bdc3ef7e54f818109120,w00|w08|w09,"[[0,4,3,4,4,2],[4,0,4,4,4,4],[3,4,0,3,4,2],[4,4,3,0,3,2],[4,4,4,3,0,4],[2,4,2,2,4,0]]"
bw_264cac5278351073edea,w04|w10|w11,"[[0,4,4,4,4,4],[4,0,4,3,4,3],[4,4,0,4,4,3],[4,3,4,0,4,3],[4,4,4,4,0,4],[4,3,3,3,4,0]]"
bw_3d55dc9304e4a4bcb764,w01|w02|w07,"[[0,2,4,2,3,2],[2,0,4,2,3,2],[4,4,0,4,4,4],[2,2,4,0,2,2],[3,3,4,2,0,2],[2,2,4,2,2,0]]"
bw_46b1f49b4e77757094bd,w05|w10|w11,"[[0,4,4,4,4,4],[4,0,2,2,2,4],[4,2,0,2,2,3],[4,2,2,0,3,4],[4,2,2,3,0,3],[4,4,3,4,3,0]]"
bw_c52c0f9d9396f061c2f6,w00|w02|w03,"[[0,4,4,4,3,4],[4,0,4,4,4,4],[4,4,0,4,2,3],[4,4,4,0,4,4],[3,4,2,4,0,4],[4,4,3,4,4,0]]"
bw_bec9e24c6530f46dfbc9,w01|w08|w11,"[[0,4,4,4,4,4],[4,0,4,4,4,4],[4,4,0,4,1,2],[4,4,4,0,2,3],[4,4,1,2,0,2],[4,4,2,3,2,0]]"
bw_99a60799d82ff054e7e9,w03|w05|w08,"[[0,4,4,4,4,4],[4,0,2,2,4,3],[4,2,0,2,4,3],[4,2,2,0,4,2],[4,4,4,4,0,4],[4,3,3,2,4,0]]"
bw_6bf0a7c3a68cc489e2ba,w00|w03|w08,"[[0,4,4,4,2,2],[4,0,4,4,4,4],[4,4,0,4,4,4],[4,4,4,0,4,4],[2,4,4,4,0,2],[2,4,4,4,2,0]]"
bw_2c1fe5079c1e99569f49,w00|w03|w05,"[[0,2,1,4,4,2],[2,0,2,4,4,2],[1,2,0,4,4,2],[4,4,4,0,4,4],[4,4,4,4,0,4],[2,2,2,4,4,0]]"
bw_2207d4cc4ec7fe04f196,w07|w09|w11,"[[0,3,2,4,2,3],[3,0,3,4,3,3],[2,3,0,4,2,4],[4,4,4,0,4,4],[2,3,2,4,0,4],[3,3,4,4,4,0]]"
bw_abb65ec86235f676839d,w01|w02|w04,"[[0,4,4,4,4,4],[4,0,2,3,3,2],[4,2,0,3,3,2],[4,3,3,0,3,3],[4,3,3,3,0,2],[4,2,2,3,2,0]]"
bw_82cecd298d335b50645c,w03|w04|w09,"[[0,4,4,4,4,4],[4,0,2,2,3,3],[4,2,0,3,3,3],[4,2,3,0,4,3],[4,3,3,4,0,4],[4,3,3,3,4,0]]"
bw_e7f702e1a4d7d5b04399,w04|w05|w06,"[[0,4,3,4,4,3],[4,0,4,4,4,3],[3,4,0,3,3,3],[4,4,3,0,4,4],[4,4,3,4,0,4],[3,3,3,4,4,0]]"
bw_93fb7dd7937d9b557085,w01|w03|w06,"[[0,3,2,4,4,2],[3,0,2,4,2,2],[2,2,0,4,2,2],[4,4,4,0,4,4],[4,2,2,4,0,2],[2,2,2,4,2,0]]"
bw_c6e7141c625cb007314f,w00|w02|w06,"[[0,4,2,2,4,2],[4,0,4,4,4,4],[2,4,0,2,3,4],[2,4,2,0,3,3],[4,4,3,3,0,3],[2,4,4,3,3,0]]"
bw_fa69814355f675b7a6da,w00|w03|w10,"[[0,2,4,2,4,2],[2,0,4,1,4,2],[4,4,0,4,4,4],[2,1,4,0,4,1],[4,4,4,4,0,4],[2,2,4,1,4,0]]"
bw_6ee5cb532c66e368e4ae,w00|w04|w05,"[[0,4,4,4,3,2],[4,0,4,4,4,4],[4,4,0,4,3,3],[4,4,4,0,4,4],[3,4,3,4,0,2],[2,4,3,4,2,0]]"
bw_1641f4a33c88573e711b,w00|w05|w10,"[[0,4,4,4,3,2],[4,0,4,4,4,4],[4,4,0,4,4,4],[4,4,4,0,3,3],[3,4,4,3,0,2],[2,4,4,3,2,0]]"
bw_8c3ec5034f5e76b74044,w03|w04|w09,"[[0,4,3,4,4,4],[4,0,4,4,3,4],[3,4,0,4,3,3],[4,4,4,0,3,2],[4,3,3,3,0,2],[4,4,3,2,2,0]]"
bw_a17731175603807caac4,w02|w07|w08,"[[0,4,4,3,4,4],[4,0,4,3,4,4],[4,4,0,4,4,4],[3,3,4,0,4,4],[4,4,4,4,0,4],[4,4,4,4,4,0]]"
bw_fa2a72c1a7480138d106,w00|w01|w08,"[[0,2,2,4,2,4],[2,0,3,4,3,4],[2,3,0,4,2,4],[4,4,4,0,4,4],[2,3,2,4,0,4],[4,4,4,4,4,0]]"
bw_b6619f5055cbcbef9ff5,w00|w05|w11,"[[0,4,4,4,4,4],[4,0,4,4,4,4],[4,4,0,4,4,4],[4,4,4,0,3,4],[4,4,4,3,0,4],[4,4,4,4,4,0]]"
bw_3489132e2394e83e9e16,w00|w01|w10,"[[0,3,3,2,4,2],[3,0,4,2,4,2],[3,4,0,4,4,2],[2,2,4,0,4,2],[4,4,4,4,0,4],[2,2,2,2,4,0]]"
bw_b4a131c2f52a2feef8a3,w02|w08|w10,"[[0,2,3,4,4,4],[2,0,2,3,4,4],[3,2,0,2,3,4],[4,3,2,0,4,4],[4,4,3,4,0,4],[4,4,4,4,4,0]]"
bw_7ee98b1f71dc121b5dc9,w03|w05|w11,"[[0,4,4,4,4,4],[4,0,3,4,4,4],[4,3,0,4,2,3],[4,4,4,0,4,3],[4,4,2,4,0,2],[4,4,3,3,2,0]]"
bw_da18decc4af75a77583e,w02|w05|w09,"[[0,1,4,1,4,1],[1,0,4,2,4,1],[4,4,0,4,4,4],[1,2,4,0,4,2],[4,4,4,4,0,4],[1,1,4,2,4,0]]"
bw_f72467da3f951fc84edb,w00|w04|w10,"[[0,4,4,4,4,4],[4,0,4,3,4,4],[4,4,0,2,2,4],[4,3,2,0,2,4],[4,4,2,2,0,3],[4,4,4,4,3,0]]"
bw_362a30c85f7bbbbfaf24,w02|w08|w09,"[[0,3,3,4,4,4],[3,0,4,4,4,4],[3,4,0,4,4,4],[4,4,4,0,4,4],[4,4,4,4,0,4],[4,4,4,4,4,0]]"
bw_d6950b287d10d7b11663,w06|w07|w08,"[[0,3,4,3,2,2],[3,0,4,4,3,4],[4,4,0,4,4,4],[3,4,4,0,2,3],[2,3,4,2,0,3],[2,4,4,3,3,0]]"
bw_8a7a0310364d9fea5314,w07|w08|w09,"[[0,3,2,4,3,4],[3,0,2,4,2,4],[2,2,0,4,2,4],[4,4,4,0,4,4],[3,2,2,4,0,4],[4,4,4,4,4,0]]"
bw_edf7bdd88ed611f34494,w03|w05|w11,"[[0,3,4,4,4,4],[3,0,3,4,2,2],[4,3,0,4,2,3],[4,4,4,0,4,4],[4,2,2,4,0,2],[4,2,3,4,2,0]]"
bw_8648f188021495aaf097,w01|w07|w09,"[[0,3,3,2,4,4],[3,0,2,2,2,4],[3,2,0,3,3,4],[2,2,3,0,3,4],[4,2,3,3,0,4],[4,4,4,4,4,0]]"
bw_6bb74a365e5921db8ef4,w04|w09|w10,"[[0,4,2,2,2,3],[4,0,4,3,4,4],[2,4,0,3,3,2],[2,3,3,0,2,4],[2,4,3,2,0,3],[3,4,2,4,3,0]]"
bw_f0e00d5298d85c87807f,w04|w09|w11,"[[0,3,4,4,2,2],[3,0,4,4,3,2],[4,4,0,4,4,3],[4,4,4,0,4,4],[2,3,4,4,0,3],[2,2,3,4,3,0]]"
bw_fc9749625f5c3bfa341f,w01|w04|w09,"[[0,4,4,4,4,4],[4,0,4,4,4,4],[4,4,0,4,4,4],[4,4,4,0,4,4],[4,4,4,4,0,4],[4,4,4,4,4,0]]"
bw_034edfd06e4da6a7d77d,w00|w03|w07,"[[0,3,4,2,4,2],[3,0,4,3,3,2],[4,4,0,4,4,4],[2,3,4,0,4,3],[4,3,4,4,0,4],[2,2,4,3,4,0]]"
bw_4c0009e730ad7c3bc999,w02|w04|w07,"[[0,4,4,2,2,2],[4,0,4,4,4,4],[4,4,0,2,3,4],[2,4,2,0,2,3],[2,4,3,2,0,2],[2,4,4,3,2,0]]"
bw_d6a5073923b9d1b764da,w00|w06|w11,"[[0,4,4,4,4,4],[4,0,3,4,2,2],[4,3,0,4,2,3],[4,4,4,0,4,4],[4,2,2,4,0,2],[4,2,3,4,2,0]]"
bw_ebcd753790bb16ad9f8b,w01|w05|w08,"[[0,4,4,4,4,4],[4,0,4,4,4,3],[4,4,0,2,4,4],[4,4,2,0,3,2],[4,4,4,3,0,3],[4,3,4,2,3,0]]"
bw_77dc436acadec2ecd34d,w01|w02|w07,"[[0,4,4,4,4,4],[4,0,3,3,2,4],[4,3,0,3,3,4],[4,3,3,0,2,4],[4,2,3,2,0,4],[4,4,4,4,4,0]]"
bw_ccf8826664e3892dc940,w04|w08|w11,"[[0,4,4,2,4,4],[4,0,4,3,4,4],[4,4,0,4,4,4],[2,3,4,0,4,4],[4,4,4,4,0,4],[4,4,4,4,4,0]]"
bw_79b069c91e00af05e06c,w00|w06|w11,"[[0,3,2,2,2,4],[3,0,2,2,4,4],[2,2,0,2,3,4],[2,2,2,0,4,4],[2,4,3,4,0,4],[4,4,4,4,4,0]]"
bw_42bca1904fef240d8d97,w03|w09|w11,"[[0,3,3,4,3,2],[3,0,4,4,4,4],[3,4,0,4,2,2],[4,4,4,0,4,4],[3,4,2,4,0,2],[2,4,2,4,2,0]]"
bw_9c7b53b5de7b36ebccf5,w01|w05|w10,"[[0,4,2,2,4,4],[4,0,2,3,4,4],[2,2,0,1,4,4],[2,3,1,0,4,4],[4,4,4,4,0,4],[4,4,4,4,4,0]]"
bw_e8bb38f861079e49874e,w03|w07|w10,"[[0,2,2,4,3,4],[2,0,3,3,3,4],[2,3,0,3,2,4],[4,3,3,0,3,4],[3,3,2,3,0,4],[4,4,4,4,4,0]]"
bw_94c4d87b20687f7885d2,w00|w03|w05,"[[0,4,2,4,4,3],[4,0,4,4,4,4],[2,4,0,2,4,3],[4,4,2,0,4,2],[4,4,4,4,0,4],[3,4,3,2,4,0]]"
bw_220d3460784e565c9835,w00|w01|w11,"[[0,2,4,2,4,3],[2,0,4,2,4,3],[4,4,0,4,4,4],[2,2,4,0,4,2],[4,4,4,4,0,4],[3,3,4,2,4,0]]"
bw_e15aa836a6390c6da469,w04|w05|w08,"[[0,2,4,3,2,4],[2,0,3,2,2,4],[4,3,0,4,2,4],[3,2,4,0,3,4],[2,2,2,3,0,4],[4,4,4,4,4,0]]"
bw_2dc2ea3569d3028d2d1e,w01|w09|w10,"[[0,4,4,4,4,4],[4,0,4,2,2,4],[4,4,0,3,3,4],[4,2,3,0,2,3],[4,2,3,2,0,2],[4,4,4,3,2,0]]"
bw_4af2b3d53fe2d749cd10,w05|w08|w10,"[[0,3,4,3,3,4],[3,0,4,3,2,4],[4,4,0,4,4,4],[3,3,4,0,2,4],[3,2,4,2,0,4],[4,4,4,4,4,0]]"
bw_88ff8b2f605475d50060,w02|w04|w08,"[[0,4,4,3,4,4],[4,0,4,4,4,4],[4,4,0,4,4,3],[3,4,4,0,2,2],[4,4,4,2,0,2],[4,4,3,2,2,0]]"
bw_5826177a0530f371a501,w02|w07|w10,"[[0,4,3,2,2,4],[4,0,4,4,4,4],[3,4,0,2,2,4],[2,4,2,0,2,4],[2,4,2,2,0,2],[4,4,4,4,2,0]]"
bw_e7a6fbd6191332f92774,w03|w06|w10,"[[0,4,4,4,4,4],[4,0,4,4,4,4],[4,4,0,3,4,3],[4,4,3,0,4,2],[4,4,4,4,0,4],[4,4,3,2,4,0]]"
bw_1e116009af83f15fa352,w06|w07|w09,"[[0,4,4,4,2,3],[4,0,4,4,4,4],[4,4,0,4,4,4],[4,4,4,0,4,3],[2,4,4,4,0,2],[3,4,4,3,2,0]]"
bw_eec1edb8c0a9556b7559,w04|w06|w08,"[[0,4,3,4,2,4],[4,0,4,4,4,4],[3,4,0,2,3,2],[4,4,2,0,3,2],[2,4,3,3,0,2],[4,4,2,2,2,0]]"
bw_031a3b5e3bbed5a47f71,w01|w05|w10,"[[0,4,4,4,4,4],[4,0,3,3,4,3],[4,3,0,2,4,2],[4,3,2,0,4,2],[4,4,4,4,0,2],[4,3,2,2,2,0]]"
bw_ed1721a244a605e30f1f,w00|w09|w10,"[[0,4,4,4,4,4],[4,0,4,4,4,4],[4,4,0,4,3,1],[4,4,4,0,4,4],[4,4,3,4,0,2],[4,4,1,4,2,0]]"
bw_201bbeeb8d5aae36762b,w00|w03|w06,"[[0,4,4,3,2,3],[4,0,4,4,4,4],[4,4,0,4,4,4],[3,4,4,0,2,3],[2,4,4,2,0,2],[3,4,4,3,2,0]]"
bw_d58425a4658a3b4490ce,w03|w05|w07,"[[0,4,3,3,2,2],[4,0,4,4,4,4],[3,4,0,4,3,2],[3,4,4,0,2,2],[2,4,3,2,0,2],[2,4,2,2,2,0]]"
bw_abbe08040c737d1ba012,w04|w07|w08,"[[0,4,4,2,4,2],[4,0,4,4,4,4],[4,4,0,4,4,4],[2,4,4,0,4,3],[4,4,4,4,0,4],[2,4,4,3,4,0]]"
bw_eeffb59ff317a1717caf,w03|w07|w10,"[[0,4,4,4,4,3],[4,0,4,2,4,4],[4,4,0,4,4,2],[4,2,4,0,4,4],[4,4,4,4,0,4],[3,4,2,4,4,0]]"
bw_f1b1aa3ad94ab819b483,w02|w04|w11,"[[0,3,2,3,3,4],[3,0,4,4,4,4],[2,4,0,2,3,3],[3,4,2,0,3,2],[3,4,3,3,0,2],[4,4,3,2,2,0]]"
bw_3c3f08995d4cdb5b5b77,w01|w02|w04,"[[0,3,4,4,4,4],[3,0,4,4,4,4],[4,4,0,4,4,4],[4,4,4,0,4,4],[4,4,4,4,0,4],[4,4,4,4,4,0]]"
bw_5e8e42fda9194848df11,w00|w03|w04,"[[0,4,4,4,4,4],[4,0,4,1,2,2],[4,4,0,3,4,3],[4,1,3,0,1,1],[4,2,4,1,0,2],[4,2,3,1,2,0]]"
bw_afe1eab2755eca68a3b0,w01|w08|w09,"[[0,4,4,4,4,4],[4,0,3,4,2,4],[4,3,0,4,4,4],[4,4,4,0,4,4],[4,2,4,4,0,4],[4,4,4,4,4,0]]"
bw_977aaf2bb415b48790fc,w03|w04|w06,"[[0,4,4,4,4,4],[4,0,4,2,2,2],[4,4,0,4,4,4],[4,2,4,0,2,3],[4,2,4,2,0,3],[4,2,4,3,3,0]]"
bw_5268d6d5f4a4beedccb5,w00|w05|w09,"[[0,2,4,3,3,2],[2,0,4,3,3,2],[4,4,0,4,4,4],[3,3,4,0,3,3],[3,3,4,3,0,4],[2,2,4,3,4,0]]"
bw_63709c7f38604f0847ab,w04|w06|w08,"[[0,2,3,2,4,4],[2,0,2,2,4,4],[3,2,0,2,4,4],[2,2,2,0,4,4],[4,4,4,4,0,4],[4,4,4,4,4,0]]"
bw_d01d995e08a748d96fbe,w06|w09|w11,"[[0,4,4,4,2,3],[4,0,4,3,4,3],[4,4,0,4,4,4],[4,3,4,0,4,2],[2,4,4,4,0,4],[3,3,4,2,4,0]]"
bw_1a17d37917d3e99130d4,w01|w06|w10,"[[0,3,4,4,4,4],[3,0,2,2,3,3],[4,2,0,3,3,3],[4,2,3,0,3,4],[4,3,3,3,0,4],[4,3,3,4,4,0]]"
bw_7d24278283e1362367a7,w00|w03|w04,"[[0,2,4,2,4,2],[2,0,4,2,3,2],[4,4,0,4,4,4],[2,2,4,0,2,2],[4,3,4,2,0,3],[2,2,4,2,3,0]]"
bw_f3f73cfa6dcaa56f2498,w01|w04|w06,"[[0,4,4,3,4,4],[4,0,4,4,3,2],[4,4,0,4,4,4],[3,4,4,0,4,4],[4,3,4,4,0,2],[4,2,4,4,2,0]]"
bw_c0b291a8e6a5a97be018,w01|w05|w07,"[[0,2,3,4,2,4],[2,0,2,4,2,4],[3,2,0,4,2,4],[4,4,4,0,4,4],[2,2,2,4,0,4],[4,4,4,4,4,0]]"
bw_ab8a3bed0c3b92ccb992,w00|w09|w10,"[[0,2,4,4,2,3],[2,0,4,4,2,2],[4,4,0,4,4,4],[4,4,4,0,4,4],[2,2,4,4,0,2],[3,2,4,4,2,0]]"
bw_8739cc48b583019e5f26,w03|w09|w11,"[[0,2,3,4,3,2],[2,0,2,4,3,2],[3,2,0,4,4,3],[4,4,4,0,4,4],[3,3,4,4,0,4],[2,2,3,4,4,0]]"
bw_100c96ec1b59cde229c7,w01|w02|w11,"[[0,4,4,4,4,4],[4,0,4,2,4,2],[4,4,0,3,3,3],[4,2,3,0,3,2],[4,4,3,3,0,3],[4,2,3,2,3,0]]"
bw_6c3fc3bb850c2dba9cf8,w00|w05|w10,"[[0,4,4,4,4,4],[4,0,3,4,4,4],[4,3,0,3,3,4],[4,4,3,0,3,4],[4,4,3,3,0,4],[4,4,4,4,4,0]]"
bw_d842bb8dc564ea00563e,w08|w09|w10,"[[0,3,3,4,4,4],[3,0,2,3,4,4],[3,2,0,4,3,3],[4,3,4,0,4,4],[4,4,3,4,0,3],[4,4,3,4,3,0]]"
bw_b51323e9a028d9c73563,w00|w08|w09,"[[0,4,3,3,2,3],[4,0,4,4,4,4],[3,4,0,2,3,2],[3,4,2,0,3,3],[2,4,3,3,0,2],[3,4,2,3,2,0]]"
bw_3418e972ae94a8752ac1,w05|w08|w11,"[[0,4,4,2,4,3],[4,0,4,4,4,4],[4,4,0,3,4,4],[2,4,3,0,4,4],[4,4,4,4,0,4],[3,4,4,4,4,0]]"
bw_263ba25915709a73a7e4,w03|w05|w09,"[[0,2,4,3,4,3],[2,0,4,4,4,4],[4,4,0,4,4,4],[3,4,4,0,4,3],[4,4,4,4,0,4],[3,4,4,3,4,0]]"
bw_77975012dafce0bc46d1,w03|w08|w11,"[[0,2,2,4,2,4],[2,0,3,4,3,4],[2,3,0,4,2,4],[4,4,4,0,4,4],[2,3,2,4,0,2],[4,4,4,4,2,0]]"
bw_da9931d7279386cb016c,w02|w03|w04,"[[0,4,4,4,4,4],[4,0,2,4,2,2],[4,2,0,4,2,2],[4,4,4,0,4,4],[4,2,2,4,0,2],[4,2,2,4,2,0]]"
bw_a5985887340b1d10ca34,w03|w04|w11,"[[0,4,3,4,2,2],[4,0,4,4,3,4],[3,4,0,4,3,2],[4,4,4,0,4,4],[2,3,3,4,0,1],[2,4,2,4,1,0]]"
bw_41ffd43c9e1e268caa59,w02|w09|w10,"[[0,3,4,4,4,2],[3,0,2,4,4,2],[4,2,0,2,4,2],[4,4,2,0,4,3],[4,4,4,4,0,4],[2,2,2,3,4,0]]"
bw_b3756a5fca26abd54a39,w07|w10|w11,"[[0,3,2,4,1,4],[3,0,4,4,4,4],[2,4,0,4,2,4],[4,4,4,0,4,4],[1,4,2,4,0,4],[4,4,4,4,4,0]]"
bw_291a4e9647f063bb7513,w03|w08|w09,"[[0,4,4,4,4,4],[4,0,4,4,3,3],[4,4,0,2,2,3],[4,4,2,0,2,4],[4,3,2,2,0,2],[4,3,3,4,2,0]]"
bw_fac947408b290879ae61,w00|w03|w07,"[[0,4,3,4,4,4],[4,0,1,1,1,4],[3,1,0,2,2,4],[4,1,2,0,2,4],[4,1,2,2,0,4],[4,4,4,4,4,0]]"
bw_2f7e551677f40fc39737,w03|w09|w11,"[[0,2,3,3,4,4],[2,0,3,3,4,4],[3,3,0,4,4,4],[3,3,4,0,4,4],[4,4,4,4,0,4],[4,4,4,4,4,0]]"
bw_c925a5b70fc80dd03cee,w00|w01|w11,"[[0,2,2,2,4,2],[2,0,3,2,4,3],[2,3,0,3,4,3],[2,2,3,0,4,2],[4,4,4,4,0,4],[2,3,3,2,4,0]]"
bw_184b38ed47d6731b9ec7,w00|w07|w09,"[[0,2,3,3,4,2],[2,0,2,4,4,2],[3,2,0,4,4,3],[3,4,4,0,4,2],[4,4,4,4,0,4],[2,2,3,2,4,0]]"
bw_992fb58e5df28b740ebf,w03|w04|w06,"[[0,4,4,4,4,4],[4,0,2,4,3,3],[4,2,0,4,3,3],[4,4,4,0,4,4],[4,3,3,4,0,3],[4,3,3,4,3,0]]"
bw_fb14f1e5b694a33eb7e0,w06|w09|w11,"[[0,4,4,4,4,3],[4,0,4,4,4,3],[4,4,0,4,4,4],[4,4,4,0,4,4],[4,4,4,4,0,4],[3,3,4,4,4,0]]"
bw_a0ede0d847b04cbfbcc3,w03|w04|w05,"[[0,4,4,4,4,4],[4,0,2,4,4,3],[4,2,0,3,4,2],[4,4,3,0,2,4],[4,4,4,2,0,4],[4,3,2,4,4,0]]"
bw_f92d94d7b9b4ee695492,w05|w06|w08,"[[0,4,4,4,4,4],[4,0,4,4,2,2],[4,4,0,4,4,4],[4,4,4,0,4,4],[4,2,4,4,0,3],[4,2,4,4,3,0]]"
bw_1face5d7e925595ecd87,w02|w06|w11,"[[0,4,3,2,4,2],[4,0,4,4,4,4],[3,4,0,4,4,3],[2,4,4,0,4,2],[4,4,4,4,0,4],[2,4,3,2,4,0]]"
bw_298dca1c5fc2c34e08ca,w05|w07|w08,"[[0,1,2,3,3,4],[1,0,2,4,3,4],[2,2,0,3,3,4],[3,4,3,0,4,4],[3,3,3,4,0,4],[4,4,4,4,4,0]]"
bw_914fc78f32882ebd02b8,w00|w04|w08,"[[0,4,4,4,4,4],[4,0,4,2,2,4],[4,4,0,4,4,4],[4,2,4,0,2,4],[4,2,4,2,0,4],[4,4,4,4,4,0]]"
bw_4a13204c081f8d8b4693,w03|w07|w10,"[[0,4,4,4,4,4],[4,0,3,3,2,3],[4,3,0,2,4,4],[4,3,2,0,2,3],[4,2,4,2,0,2],[4,3,4,3,2,0]]"
bw_80a4fe2d8651c756c25f,w04|w09|w10,"[[0,4,4,4,4,4],[4,0,4,2,3,2],[4,4,0,4,4,4],[4,2,4,0,2,2],[4,3,4,2,0,2],[4,2,4,2,2,0]]"
bw_f32c4c62589cd3447e28,w00|w01|w04,"[[0,4,4,2,2,3],[4,0,4,4,4,4],[4,4,0,3,4,4],[2,4,3,0,3,4],[2,4,4,3,0,4],[3,4,4,4,4,0]]"
bw_dbdc46a77ca1c261866c,w04|w07|w10,"[[0,2,4,3,2,4],[2,0,4,3,3,3],[4,4,0,4,4,4],[3,3,4,0,3,4],[2,3,4,3,0,4],[4,3,4,4,4,0]]"
bw_fcda860628536274956c,w05|w08|w09,"[[0,4,4,4,4,4],[4,0,3,3,2,4],[4,3,0,3,3,4],[4,3,3,0,2,4],[4,2,3,2,0,4],[4,4,4,4,4,0]]"
bw_9d8fbec0b7260388b898,w07|w09|w10,"[[0,4,4,4,4,4],[4,0,4,3,2,2],[4,4,0,4,4,4],[4,3,4,0,3,4],[4,2,4,3,0,2],[4,2,4,4,2,0]]"
bw_cbf71402b402e9b7701a,w01|w07|w08,"[[0,4,4,4,4,4],[4,0,4,3,3,2],[4,4,0,3,2,3],[4,3,3,0,2,2],[4,3,2,2,0,3],[4,2,3,2,3,0]]"
bw_c63b37806cb9ffea5c92,w02|w08|w10,"[[0,3,4,3,4,4],[3,0,4,4,4,4],[4,4,0,4,4,4],[3,4,4,0,3,4],[4,4,4,3,0,4],[4,4,4,4,4,0]]"
bw_488ba1f4088f5cf0f4d5,w00|w04|w09,"[[0,3,4,2,3,3],[3,0,4,2,3,3],[4,4,0,4,4,4],[2,2,4,0,2,3],[3,3,4,2,0,2],[3,3,4,3,2,0]]"
bw_d69007c5e583e2352af3,w00|w10|w11,"[[0,2,4,2,4,2],[2,0,4,2,4,2],[4,4,0,4,4,4],[2,2,4,0,4,2],[4,4,4,4,0,4],[2,2,4,2,4,0]]"
bw_7cc441cf565d9826d512,w00|w02|w03,"[[0,4,2,3,3,4],[4,0,4,2,3,4],[2,4,0,3,3,4],[3,2,3,0,2,3],[3,3,3,2,0,4],[4,4,4,3,4,0]]"
bw_a7b6690b00f7778df7c9,w01|w04|w10,"[[0,4,4,4,4,4],[4,0,4,2,2,4],[4,4,0,4,4,4],[4,2,4,0,3,4],[4,2,4,3,0,3],[4,4,4,4,3,0]]"
bw_8f8791f08ee748447e94,w04|w08|w09,"[[0,3,3,4,4,3],[3,0,3,3,4,3],[3,3,0,4,4,3],[4,3,4,0,4,4],[4,4,4,4,0,4],[3,3,3,4,4,0]]"
bw_02e5f0b24eb36d180a3c,w02|w04|w09,"[[0,4,3,4,4,4],[4,0,4,4,4,4],[3,4,0,4,2,2],[4,4,4,0,4,3],[4,4,2,4,0,2],[4,4,2,3,2,0]]"
bw_d7c6ab988b13429717ee,w05|w07|w09,"[[0,4,2,4,3,4],[4,0,4,4,4,4],[2,4,0,3,2,4],[4,4,3,0,3,4],[3,4,2,3,0,4],[4,4,4,4,4,0]]"
bw_c5b61c8d343088169ed5,w02|w08|w11,"[[0,4,4,4,4,4],[4,0,4,3,2,4],[4,4,0,3,4,4],[4,3,3,0,2,4],[4,2,4,2,0,4],[4,4,4,4,4,0]]"
bw_65acc7d91ed69c457b06,w03|w06|w11,"[[0,4,3,4,4,4],[4,0,3,2,4,4],[3,3,0,2,4,4],[4,2,2,0,4,4],[4,4,4,4,0,4],[4,4,4,4,4,0]]"
bw_4e3c7e228c6d5e511519,w00|w06|w09,"[[0,2,3,4,4,1],[2,0,4,4,4,3],[3,4,0,4,4,3],[4,4,4,0,4,4],[4,4,4,4,0,4],[1,3,3,4,4,0]]"
bw_f8c5f5f53761a91753fe,w02|w04|w09,"[[0,4,3,4,4,3],[4,0,4,4,4,4],[3,4,0,4,3,3],[4,4,4,0,3,4],[4,4,3,3,0,2],[3,4,3,4,2,0]]"
bw_58c92fb168e465e69fba,w01|w06|w08,"[[0,4,4,3,4,2],[4,0,4,4,4,4],[4,4,0,4,4,4],[3,4,4,0,4,3],[4,4,4,4,0,4],[2,4,4,3,4,0]]"
bw_5fa2a498f2effee4e66e,w02|w03|w08,"[[0,3,4,2,4,2],[3,0,4,3,4,4],[4,4,0,4,4,4],[2,3,4,0,4,2],[4,4,4,4,0,4],[2,4,4,2,4,0]]"
bw_cae3bdbdfdcc1daf7fd5,w02|w08|w11,"[[0,2,4,3,3,2],[2,0,4,2,3,3],[4,4,0,3,4,4],[3,2,3,0,4,2],[3,3,4,4,0,4],[2,3,4,2,4,0]]"
bw_56fd123f8a6553c98bad,w05|w07|w09,"[[0,3,4,3,2,4],[3,0,4,3,3,4],[4,4,0,3,3,4],[3,3,3,0,2,4],[2,3,3,2,0,4],[4,4,4,4,4,0]]"
bw_7b507869088de5118f44,w00|w02|w10,"[[0,4,2,4,4,2],[4,0,4,4,4,4],[2,4,0,3,4,4],[4,4,3,0,2,4],[4,4,4,2,0,4],[2,4,4,4,4,0]]"
bw_19cea2a46bc7eca09730,w02|w03|w08,"[[0,2,4,3,2,3],[2,0,4,2,2,4],[4,4,0,4,4,4],[3,2,4,0,3,4],[2,2,4,3,0,4],[3,4,4,4,4,0]]"
bw_7de9e333268826b80466,w04|w05|w09,"[[0,4,4,2,2,2],[4,0,4,4,4,4],[4,4,0,4,4,4],[2,4,4,0,2,2],[2,4,4,2,0,2],[2,4,4,2,2,0]]"
bw_bc080259b4fd86983359,w06|w10|w11,"[[0,2,2,2,2,4],[2,0,3,2,3,4],[2,3,0,2,2,4],[2,2,2,0,2,4],[2,3,2,2,0,4],[4,4,4,4,4,0]]"
bw_f792e1979035021e0fc0,w03|w04|w09,"[[0,4,4,2,4,4],[4,0,4,4,4,4],[4,4,0,2,2,4],[2,4,2,0,2,4],[4,4,2,2,0,4],[4,4,4,4,4,0]]"
bw_4a689b665c0a2520e473,w03|w04|w09,"[[0,4,3,1,4,2],[4,0,4,4,4,4],[3,4,0,3,4,2],[1,4,3,0,4,2],[4,4,4,4,0,4],[2,4,2,2,4,0]]"
bw_a34e6e42965964717049,w05|w10|w11,"[[0,4,4,3,4,4],[4,0,4,4,4,2],[4,4,0,4,4,4],[3,4,4,0,4,4],[4,4,4,4,0,4],[4,2,4,4,4,0]]"
bw_00e5b5bbc239a5ba42b2,w06|w08|w10,"[[0,4,4,3,3,4],[4,0,4,2,2,2],[4,4,0,4,4,4],[3,2,4,0,2,2],[3,2,4,2,0,4],[4,2,4,2,4,0]]"
bw_958e2d5d876d92c6d16f,w02|w04|w08,"[[0,3,3,4,2,3],[3,0,4,4,4,4],[3,4,0,4,4,3],[4,4,4,0,4,4],[2,4,4,4,0,2],[3,4,3,4,2,0]]"
bw_ab7fdf1fb06a255d1635,w02|w03|w08,"[[0,4,4,4,4,4],[4,0,2,3,4,2],[4,2,0,2,2,2],[4,3,2,0,3,3],[4,4,2,3,0,3],[4,2,2,3,3,0]]"
bw_a07c4305d6153001bd0a,w01|w06|w08,"[[0,2,3,4,2,3],[2,0,2,4,2,4],[3,2,0,4,3,4],[4,4,4,0,4,4],[2,2,3,4,0,4],[3,4,4,4,4,0]]"
bw_c01666ed3c2bf767c804,w00|w02|w07,"[[0,4,3,4,4,4],[4,0,3,4,3,3],[3,3,0,4,4,3],[4,4,4,0,4,4],[4,3,4,4,0,4],[4,3,3,4,4,0]]"
bw_c6d42f50338ebe6f386f,w02|w03|w06,"[[0,2,4,4,2,2],[2,0,4,4,2,2],[4,4,0,4,4,4],[4,4,4,0,4,4],[2,2,4,4,0,3],[2,2,4,4,3,0]]"
bw_0f6997193febb537d148,w04|w06|w10,"[[0,4,4,3,4,4],[4,0,4,3,4,4],[4,4,0,4,4,2],[3,3,4,0,4,4],[4,4,4,4,0,4],[4,4,2,4,4,0]]"
bw_5947333db113a069efed,w02|w05|w06,"[[0,2,4,3,4,2],[2,0,3,3,4,2],[4,3,0,4,4,3],[3,3,4,0,4,3],[4,4,4,4,0,4],[2,2,3,3,4,0]]"
bw_92ea878c150dac66a0c0,w00|w08|w11,"[[0,4,4,3,4,3],[4,0,4,4,4,4],[4,4,0,2,4,2],[3,4,2,0,4,2],[4,4,4,4,0,4],[3,4,2,2,4,0]]"
bw_9edf985d3a9d0dca6f16,w00|w07|w09,"[[0,4,3,4,4,4],[4,0,4,4,4,4],[3,4,0,2,4,2],[4,4,2,0,4,2],[4,4,4,4,0,4],[4,4,2,2,4,0]]"
bw_e3f44096ceb48f202dc4,w01|w03|w09,"[[0,3,4,4,4,3],[3,0,2,4,4,3],[4,2,0,3,4,3],[4,4,3,0,4,4],[4,4,4,4,0,4],[3,3,3,4,4,0]]"
bw_7ecdf59a6938f53409b0,w00|w01|w08,"[[0,3,3,4,2,3],[3,0,2,4,2,2],[3,2,0,4,2,4],[4,4,4,0,4,4],[2,2,2,4,0,3],[3,2,4,4,3,0]]"
bw_8f09aee43f5dbbc3556f,w06|w10|w11,"[[0,4,2,3,3,3],[4,0,4,4,4,4],[2,4,0,3,2,3],[3,4,3,0,2,4],[3,4,2,2,0,4],[3,4,3,4,4,0]]"
bw_6d6bae83a465388abf9f,w03|w05|w08,"[[0,4,4,3,4,4],[4,0,4,4,4,4],[4,4,0,2,2,3],[3,4,2,0,4,3],[4,4,2,4,0,3],[4,4,3,3,3,0]]"
bw_13e57147626c9b75320c,w04|w07|w09,"[[0,4,2,4,4,3],[4,0,3,4,4,3],[2,3,0,4,4,2],[4,4,4,0,4,4],[4,4,4,4,0,4],[3,3,2,4,4,0]]"
bw_20dcf521ac7a41aca87c,w02|w03|w10,"[[0,4,4,2,4,3],[4,0,4,4,4,3],[4,4,0,4,4,4],[2,4,4,0,4,2],[4,4,4,4,0,4],[3,3,4,2,4,0]]"
bw_7227c4e575fee7e7b8e0,w00|w07|w08,"[[0,4,4,4,4,4],[4,0,4,4,2,3],[4,4,0,4,2,2],[4,4,4,0,4,4],[4,2,2,4,0,2],[4,3,2,4,2,0]]"
bw_2257babde4e9943d0a5d,w02|w04|w06,"[[0,4,4,4,4,4],[4,0,4,4,3,4],[4,4,0,3,4,4],[4,4,3,0,4,4],[4,3,4,4,0,4],[4,4,4,4,4,0]]"
bw_9a6553adbd78a8e24c34,w04|w09|w11,"[[0,2,3,2,4,4],[2,0,3,3,4,4],[3,3,0,1,4,4],[2,3,1,0,4,4],[4,4,4,4,0,4],[4,4,4,4,4,0]]"
bw_45e1d7c8b6d2fb6ee39c,w03|w05|w11,"[[0,2,2,2,3,4],[2,0,3,4,2,4],[2,3,0,2,2,4],[2,4,2,0,3,4],[3,2,2,3,0,4],[4,4,4,4,4,0]]"
bw_089df90f12beb07c37b5,w00|w02|w08,"[[0,2,2,3,2,4],[2,0,3,4,2,4],[2,3,0,3,3,4],[3,4,3,0,3,4],[2,2,3,3,0,4],[4,4,4,4,4,0]]"
bw_fe99ce9a678dc849357a,w03|w07|w09,"[[0,4,2,3,2,2],[4,0,4,4,4,4],[2,4,0,3,2,2],[3,4,3,0,4,3],[2,4,2,4,0,2],[2,4,2,3,2,0]]"
bw_556276b9cf587127d205,w02|w08|w09,"[[0,2,2,4,3,4],[2,0,2,4,2,4],[2,2,0,4,2,4],[4,4,4,0,4,4],[3,2,2,4,0,4],[4,4,4,4,4,0]]"
bw_c056b23e39d91f76d6f6,w01|w03|w05,"[[0,2,2,4,3,4],[2,0,2,4,3,3],[2,2,0,4,4,3],[4,4,4,0,4,4],[3,3,4,4,0,4],[4,3,3,4,4,0]]"
bw_0c4db28fe54dba520112,w06|w07|w09,"[[0,4,4,4,2,4],[4,0,3,4,4,4],[4,3,0,4,2,3],[4,4,4,0,4,3],[2,4,2,4,0,4],[4,4,3,3,4,0]]"
bw_053735620ce250220f77,w03|w08|w11,"[[0,4,4,4,4,4],[4,0,1,4,2,3],[4,1,0,4,2,4],[4,4,4,0,4,4],[4,2,2,4,0,4],[4,3,4,4,4,0]]"
bw_f96f8ce687395cbcb8d6,w00|w05|w10,"[[0,2,4,4,3,3],[2,0,4,4,4,4],[4,4,0,4,4,4],[4,4,4,0,4,4],[3,4,4,4,0,2],[3,4,4,4,2,0]]"
bw_5daca98a5dd4b227b12a,w02|w08|w11,"[[0,3,3,3,4,4],[3,0,4,4,3,3],[3,4,0,4,4,3],[3,4,4,0,3,4],[4,3,4,3,0,4],[4,3,3,4,4,0]]"
bw_c57f0ed9906e1730bcf5,w00|w02|w06,"[[0,4,4,4,4,4],[4,0,2,3,4,3],[4,2,0,4,4,2],[4,3,4,0,4,3],[4,4,4,4,0,4],[4,3,2,3,4,0]]"
bw_cdde1f39e73e994b0cd4,w00|w05|w11,"[[0,4,3,4,4,4],[4,0,4,4,4,4],[3,4,0,4,2,4],[4,4,4,0,3,4],[4,4,2,3,0,4],[4,4,4,4,4,0]]"
bw_e6b32e66d6659a927479,w00|w05|w10,"[[0,4,3,3,4,3],[4,0,4,4,4,4],[3,4,0,3,4,4],[3,4,3,0,4,3],[4,4,4,4,0,4],[3,4,4,3,4,0]]"
bw_1e2a5629927d86ae0d21,w05|w07|w11,"[[0,4,4,4,4,4],[4,0,2,4,2,2],[4,2,0,4,1,1],[4,4,4,0,4,4],[4,2,1,4,0,2],[4,2,1,4,2,0]]"
bw_7e2232ad7c0d9c72ecc6,w00|w02|w10,"[[0,4,3,3,2,4],[4,0,4,4,4,4],[3,4,0,2,3,2],[3,4,2,0,3,3],[2,4,3,3,0,4],[4,4,2,3,4,0]]"
bw_dcbec558e9ed22a524c8,w01|w03|w08,"[[0,4,2,4,1,2],[4,0,4,4,4,4],[2,4,0,4,1,2],[4,4,4,0,4,4],[1,4,1,4,0,2],[2,4,2,4,2,0]]"
bw_aacff0b7777302d609e1,w02|w04|w06,"[[0,4,4,3,3,4],[4,0,2,2,3,4],[4,2,0,2,3,4],[3,2,2,0,2,4],[3,3,3,2,0,4],[4,4,4,4,4,0]]"
bw_d598d6c31545815430c1,w04|w07|w09,"[[0,4,4,4,4,4],[4,0,4,2,3,2],[4,4,0,4,3,3],[4,2,4,0,3,2],[4,3,3,3,0,2],[4,2,3,2,2,0]]"
bw_e1f862356bef237450cc,w01|w07|w10,"[[0,4,4,4,4,4],[4,0,4,4,4,4],[4,4,0,2,2,4],[4,4,2,0,2,4],[4,4,2,2,0,4],[4,4,4,4,4,0]]"
bw_b784411202fc57ac053d,w00|w08|w11,"[[0,4,4,4,4,4],[4,0,2,2,3,3],[4,2,0,3,2,3],[4,2,3,0,4,3],[4,3,2,4,0,3],[4,3,3,3,3,0]]"
bw_ea6ba613940e6d0e9bb9,w03|w09|w10,"[[0,2,2,3,3,4],[2,0,2,4,3,4],[2,2,0,3,3,4],[3,4,3,0,3,4],[3,3,3,3,0,4],[4,4,4,4,4,0]]"
bw_6edd654921b80dccc099,w02|w03|w07,"[[0,4,4,4,4,4],[4,0,2,3,4,3],[4,2,0,2,4,3],[4,3,2,0,4,3],[4,4,4,4,0,4],[4,3,3,3,4,0]]"
bw_f44c9688b4f1d98ff6ca,w02|w04|w07,"[[0,2,2,4,2,2],[2,0,2,4,2,4],[2,2,0,4,2,4],[4,4,4,0,4,4],[2,2,2,4,0,4],[2,4,4,4,4,0]]"
bw_25fcfc7ac692385c804f,w02|w05|w10,"[[0,4,4,4,4,4],[4,0,2,3,4,4],[4,2,0,2,4,4],[4,3,2,0,4,4],[4,4,4,4,0,4],[4,4,4,4,4,0]]"
bw_a442f1a4c33a5a149b10,w01|w02|w05,"[[0,4,4,4,4,4],[4,0,2,4,4,3],[4,2,0,3,3,2],[4,4,3,0,4,2],[4,4,3,4,0,3],[4,3,2,2,3,0]]"
bw_d45e4a21296d50fe381e,w02|w07|w11,"[[0,4,4,4,4,4],[4,0,4,4,4,4],[4,4,0,1,2,3],[4,4,1,0,1,2],[4,4,2,1,0,1],[4,4,3,2,1,0]]"
bw_a56e0eaf07bf0b8f7e42,w01|w02|w08,"[[0,4,3,4,4,4],[4,0,4,2,3,2],[3,4,0,4,4,4],[4,2,4,0,2,2],[4,3,4,2,0,3],[4,2,4,2,3,0]]"
bw_c3f7a03511c6133a4dab,w00|w08|w11,"[[0,2,4,2,2,4],[2,0,4,3,3,4],[4,4,0,4,4,4],[2,3,4,0,2,3],[2,3,4,2,0,3],[4,4,4,3,3,0]]"
bw_8d17932d1e4d0f195ebc,w04|w06|w09,"[[0,4,4,3,4,4],[4,0,3,4,3,4],[4,3,0,4,3,2],[3,4,4,0,4,4],[4,3,3,4,0,3],[4,4,2,4,3,0]]"
bw_38a98dfb7645b5c8a462,w01|w02|w08,"[[0,3,4,4,4,1],[3,0,4,4,4,2],[4,4,0,2,4,4],[4,4,2,0,4,4],[4,4,4,4,0,4],[1,2,4,4,4,0]]"
bw_5b1d854a405ddce8284e,w04|w09|w11,"[[0,4,4,3,4,4],[4,0,2,2,4,2],[4,2,0,3,4,4],[3,2,3,0,4,3],[4,4,4,4,0,4],[4,2,4,3,4,0]]"
bw_253cc002f44000c6b9ae,w06|w07|w10,"[[0,4,4,4,4,4],[4,0,4,4,3,4],[4,4,0,4,4,4],[4,4,4,0,4,4],[4,3,4,4,0,2],[4,4,4,4,2,0]]"
bw_8ae8a9c3832f0f33f33d,w01|w02|w09,"[[0,4,4,4,4,4],[4,0,2,1,3,4],[4,2,0,1,3,4],[4,1,1,0,2,4],[4,3,3,2,0,4],[4,4,4,4,4,0]]"
bw_9df3ad55e462d7662f90,w02|w04|w07,"[[0,4,3,3,4,4],[4,0,2,3,2,4],[3,2,0,3,3,4],[3,3,3,0,2,4],[4,2,3,2,0,4],[4,4,4,4,4,0]]"
bw_962100ce24b72991bd63,w03|w09|w10,"[[0,4,4,4,4,4],[4,0,4,4,4,2],[4,4,0,4,4,4],[4,4,4,0,4,4],[4,4,4,4,0,4],[4,2,4,4,4,0]]"
bw_1f8d33a3769da42a2d99,w02|w06|w11,"[[0,4,3,4,4,2],[4,0,2,4,3,3],[3,2,0,3,4,2],[4,4,3,0,4,4],[4,3,4,4,0,4],[2,3,2,4,4,0]]"
bw_af62c21f00e797af6ae2,w01|w06|w09,"[[0,4,4,4,4,4],[4,0,4,3,2,2],[4,4,0,4,3,4],[4,3,4,0,2,4],[4,2,3,2,0,3],[4,2,4,4,3,0]]"
bw_11d5cf81b5f512d169ab,w00|w05|w08,"[[0,2,2,4,2,4],[2,0,3,4,4,4],[2,3,0,4,2,4],[4,4,4,0,4,4],[2,4,2,4,0,4],[4,4,4,4,4,0]]"
bw_cfcf133b0072bf89a6ea,w00|w01|w09,"[[0,3,3,2,4,4],[3,0,3,4,4,4],[3,3,0,2,4,3],[2,4,2,0,4,3],[4,4,4,4,0,4],[4,4,3,3,4,0]]"
bw_7df2df100c62dfae9e2b,w00|w02|w08,"[[0,2,2,4,4,2],[2,0,2,4,4,2],[2,2,0,4,4,3],[4,4,4,0,4,4],[4,4,4,4,0,4],[2,2,3,4,4,0]]"
bw_be6e94d687fce5176d4f,w01|w05|w09,"[[0,4,4,4,4,4],[4,0,4,4,4,2],[4,4,0,4,4,4],[4,4,4,0,4,4],[4,4,4,4,0,4],[4,2,4,4,4,0]]"
bw_f8de88aa2942a44fd541,w00|w01|w02,"[[0,4,4,4,4,4],[4,0,2,2,2,2],[4,2,0,3,3,3],[4,2,3,0,2,2],[4,2,3,2,0,3],[4,2,3,2,3,0]]"
bw_3ca859fac515e82792d7,w00|w04|w10,"[[0,3,2,4,1,4],[3,0,4,4,2,3],[2,4,0,4,2,4],[4,4,4,0,4,4],[1,2,2,4,0,3],[4,3,4,4,3,0]]"
bw_e46544f62e7259f9a658,w04|w10|w11,"[[0,2,4,4,2,4],[2,0,4,4,2,3],[4,4,0,4,4,4],[4,4,4,0,4,4],[2,2,4,4,0,4],[4,3,4,4,4,0]]"
bw_7e93d51eab91c21147ec,w02|w04|w08,"[[0,3,4,2,4,4],[3,0,4,3,4,4],[4,4,0,4,4,4],[2,3,4,0,3,4],[4,4,4,3,0,4],[4,4,4,4,4,0]]"
bw_61d3aecca7f34c86662d,w01|w04|w10,"[[0,4,2,2,4,3],[4,0,4,3,3,4],[2,4,0,3,3,3],[2,3,3,0,3,2],[4,3,3,3,0,3],[3,4,3,2,3,0]]"
bw_714533a959928cf57686,w04|w05|w08,"[[0,4,2,3,2,4],[4,0,4,4,3,4],[2,4,0,4,3,4],[3,4,4,0,3,4],[2,3,3,3,0,4],[4,4,4,4,4,0]]"
bw_95adcbdfc2dfed80edd5,w00|w04|w09,"[[0,2,2,4,2,3],[2,0,3,4,2,3],[2,3,0,4,3,3],[4,4,4,0,4,4],[2,2,3,4,0,4],[3,3,3,4,4,0]]"
bw_1beb7dd82146734997e5,w00|w04|w06,"[[0,2,3,3,4,2],[2,0,2,3,4,2],[3,2,0,3,4,2],[3,3,3,0,4,2],[4,4,4,4,0,4],[2,2,2,2,4,0]]"
bw_85cfac727d0bee01fad6,w03|w04|w08,"[[0,4,4,4,4,4],[4,0,4,2,4,3],[4,4,0,4,4,4],[4,2,4,0,4,4],[4,4,4,4,0,4],[4,3,4,4,4,0]]"
bw_a47df8f004eac8e16392,w00|w02|w03,"[[0,4,4,4,3,4],[4,0,2,2,2,4],[4,2,0,2,2,4],[4,2,2,0,2,4],[3,2,2,2,0,4],[4,4,4,4,4,0]]"
bw_ad21212e2acd896673a0,w01|w02|w10,"[[0,4,4,4,4,4],[4,0,4,4,4,4],[4,4,0,4,4,4],[4,4,4,0,4,4],[4,4,4,4,0,4],[4,4,4,4,4,0]]"
bw_60affea7ffac87c1ca6c,w02|w06|w09,"[[0,4,4,4,4,4],[4,0,4,4,3,4],[4,4,0,3,3,4],[4,4,3,0,4,4],[4,3,3,4,0,4],[4,4,4,4,4,0]]"
bw_c06245327696e9d17926,w02|w06|w11,"[[0,3,3,4,3,3],[3,0,4,4,4,4],[3,4,0,4,3,3],[4,4,4,0,4,4],[3,4,3,4,0,4],[3,4,3,4,4,0]]"
bw_49524dc036b09f0466d3,w02|w07|w10,"[[0,4,4,4,4,4],[4,0,3,2,4,2],[4,3,0,2,3,2],[4,2,2,0,2,3],[4,4,3,2,0,3],[4,2,2,3,3,0]]"
bw_c0f8762948b28d99995a,w00|w01|w05,"[[0,4,3,3,2,4],[4,0,4,4,4,4],[3,4,0,3,4,4],[3,4,3,0,2,2],[2,4,4,2,0,3],[4,4,4,2,3,0]]"
bw_37544cf8612e4a3d4408,w00|w02|w10,"[[0,3,4,3,3,4],[3,0,4,3,4,4],[4,4,0,4,4,4],[3,3,4,0,4,4],[3,4,4,4,0,2],[4,4,4,4,2,0]]"
bw_f58bb332e80e49bf6605,w04|w05|w08,"[[0,4,4,3,4,4],[4,0,4,4,4,3],[4,4,0,4,4,4],[3,4,4,0,4,4],[4,4,4,4,0,4],[4,3,4,4,4,0]]"
bw_5ff414fa88319dfdac8b,w02|w07|w08,"[[0,4,4,4,4,4],[4,0,3,4,3,3],[4,3,0,3,2,2],[4,4,3,0,2,4],[4,3,2,2,0,2],[4,3,2,4,2,0]]"
bw_981335837843fe1277c6,w03|w07|w11,"[[0,4,4,4,4,4],[4,0,4,3,2,2],[4,4,0,4,4,4],[4,3,4,0,2,3],[4,2,4,2,0,2],[4,2,4,3,2,0]]"
bw_e7ee10d5ac9da2379e8f,w01|w04|w06,"[[0,4,2,4,2,3],[4,0,4,4,4,4],[2,4,0,4,3,4],[4,4,4,0,4,4],[2,4,3,4,0,2],[3,4,4,4,2,0]]"
bw_e1a12c74210039de5c6a,w03|w09|w11,"[[0,4,3,3,3,3],[4,0,4,4,4,4],[3,4,0,3,2,2],[3,4,3,0,4,2],[3,4,2,4,0,2],[3,4,2,2,2,0]]"
bw_b92f5caa23bd1fcce3f5,w00|w03|w10,"[[0,4,4,2,2,2],[4,0,4,4,3,4],[4,4,0,4,4,4],[2,4,4,0,4,2],[2,3,4,4,0,2],[2,4,4,2,2,0]]"
bw_8a5553fcf6463dd7074f,w00|w06|w09,"[[0,3,2,4,2,2],[3,0,3,4,4,2],[2,3,0,4,4,3],[4,4,4,0,4,4],[2,4,4,4,0,2],[2,2,3,4,2,0]]"
bw_ac8d194f9790bcc910a4,w02|w06|w10,"[[0,4,3,2,4,4],[4,0,4,3,4,4],[3,4,0,4,4,4],[2,3,4,0,3,4],[4,4,4,3,0,4],[4,4,4,4,4,0]]"
bw_d9b9662e703ec7ca56e7,w01|w06|w08,"[[0,2,4,4,4,3],[2,0,4,2,2,4],[4,4,0,4,4,4],[4,2,4,0,2,4],[4,2,4,2,0,4],[3,4,4,4,4,0]]"
bw_8f4ec99242f6db12da3b,w02|w05|w11,"[[0,4,1,2,4,4],[4,0,4,4,4,4],[1,4,0,2,3,4],[2,4,2,0,3,4],[4,4,3,3,0,4],[4,4,4,4,4,0]]"
bw_f7d7226c6ac96b0eb288,w00|w01|w05,"[[0,4,4,4,4,4],[4,0,4,4,4,4],[4,4,0,4,4,4],[4,4,4,0,4,4],[4,4,4,4,0,4],[4,4,4,4,4,0]]"
bw_90d67ae7d889482a5baf,w02|w03|w06,"[[0,4,4,2,4,4],[4,0,4,4,4,3],[4,4,0,4,4,4],[2,4,4,0,4,4],[4,4,4,4,0,4],[4,3,4,4,4,0]]"
bw_ea37fc6701c1f5b95680,w02|w04|w10,"[[0,3,3,4,4,4],[3,0,2,4,2,4],[3,2,0,4,2,4],[4,4,4,0,4,4],[4,2,2,4,0,4],[4,4,4,4,4,0]]"
bw_69f4b92b42343f92a066,w01|w08|w09,"[[0,2,2,4,4,4],[2,0,2,4,4,4],[2,2,0,4,4,4],[4,4,4,0,4,4],[4,4,4,4,0,4],[4,4,4,4,4,0]]"
bw_471af79756e703253b89,w05|w06|w09,"[[0,4,4,4,4,2],[4,0,4,2,4,4],[4,4,0,4,4,4],[4,2,4,0,4,4],[4,4,4,4,0,4],[2,4,4,4,4,0]]"
bw_e304c8dafd83863c4c8c,w03|w07|w08,"[[0,4,4,3,4,4],[4,0,4,3,4,2],[4,4,0,4,4,4],[3,3,4,0,4,2],[4,4,4,4,0,4],[4,2,4,2,4,0]]"
bw_f7e3bb55e5540cea1d40,w01|w06|w07,"[[0,2,4,2,2,4],[2,0,4,2,3,4],[4,4,0,4,4,4],[2,2,4,0,2,4],[2,3,4,2,0,4],[4,4,4,4,4,0]]"
bw_a3d0dbefea277f97a303,w00|w01|w06,"[[0,2,3,4,2,4],[2,0,3,4,2,4],[3,3,0,4,2,4],[4,4,4,0,4,4],[2,2,2,4,0,4],[4,4,4,4,4,0]]"
bw_bb48e58ec1adc53ba8ba,w01|w02|w09,"[[0,4,3,3,4,4],[4,0,4,3,4,3],[3,4,0,2,4,2],[3,3,2,0,4,2],[4,4,4,4,0,4],[4,3,2,2,4,0]]"
bw_dfeb125036a75494003d,w03|w06|w10,"[[0,4,4,4,4,4],[4,0,4,4,4,4],[4,4,0,3,2,3],[4,4,3,0,3,2],[4,4,2,3,0,2],[4,4,3,2,2,0]]"
bw_b917f45e9efd65a0c41b,w04|w05|w09,"[[0,3,4,2,3,2],[3,0,4,2,4,3],[4,4,0,4,4,4],[2,2,4,0,3,3],[3,4,4,3,0,3],[2,3,4,3,3,0]]"
bw_f4b89652a5561a352f5e,w01|w03|w04,"[[0,2,4,2,4,3],[2,0,4,3,4,3],[4,4,0,4,4,4],[2,3,4,0,2,2],[4,4,4,2,0,3],[3,3,4,2,3,0]]"
bw_2c54ffcb4e95862166a2,w03|w04|w07,"[[0,4,3,4,4,3],[4,0,4,3,4,4],[3,4,0,4,4,4],[4,3,4,0,4,3],[4,4,4,4,0,4],[3,4,4,3,4,0]]"
bw_ae6cfa742e1503defca7,w05|w07|w10,"[[0,4,4,4,4,4],[4,0,2,2,4,2],[4,2,0,2,4,2],[4,2,2,0,4,3],[4,4,4,4,0,4],[4,2,2,3,4,0]]"
bw_7fd5286d6113532f1b44,w05|w06|w07,"[[0,3,3,4,4,4],[3,0,3,4,2,4],[3,3,0,4,2,4],[4,4,4,0,4,4],[4,2,2,4,0,4],[4,4,4,4,4,0]]"
bw_8da21b1095057cce18bf,w00|w06|w09,"[[0,2,4,3,2,4],[2,0,4,3,3,4],[4,4,0,4,4,4],[3,3,4,0,3,4],[2,3,4,3,0,4],[4,4,4,4,4,0]]"
bw_d2053b73a7f6af674fcf,w00|w03|w06,"[[0,4,3,2,4,4],[4,0,4,3,4,4],[3,4,0,3,4,4],[2,3,3,0,4,4],[4,4,4,4,0,4],[4,4,4,4,4,0]]"
bw_0a2ff61b917f9653921a,w02|w04|w07,"[[0,2,3,4,2,4],[2,0,3,4,2,4],[3,3,0,4,3,4],[4,4,4,0,4,4],[2,2,3,4,0,4],[4,4,4,4,4,0]]"
bw_8711d861adee79b73449,w05|w06|w09,"[[0,4,4,4,4,4],[4,0,2,2,4,2],[4,2,0,3,4,3],[4,2,3,0,3,3],[4,4,4,3,0,3],[4,2,3,3,3,0]]"
bw_f5c878fdd456e7237693,w02|w03|w04,"[[0,4,4,4,2,2],[4,0,4,4,4,3],[4,4,0,4,4,4],[4,4,4,0,4,4],[2,4,4,4,0,2],[2,3,4,4,2,0]]"
bw_9c7cf09361dd6017b8f1,w02|w05|w08,"[[0,4,4,4,3,4],[4,0,4,3,4,4],[4,4,0,4,4,4],[4,3,4,0,4,4],[3,4,4,4,0,4],[4,4,4,4,4,0]]"
bw_5a08477c52db5611aaa8,w00|w01|w06,"[[0,4,4,2,4,2],[4,0,4,4,4,4],[4,4,0,3,2,3],[2,4,3,0,2,2],[4,4,2,2,0,3],[2,4,3,2,3,0]]"
bw_0342c7a5cfb28432fcd4,w06|w07|w11,"[[0,3,4,2,4,4],[3,0,4,4,4,4],[4,4,0,4,4,4],[2,4,4,0,4,4],[4,4,4,4,0,4],[4,4,4,4,4,0]]"
bw_3681a18c0dd01ad163a6,w01|w06|w07,"[[0,2,3,3,4,4],[2,0,2,4,4,4],[3,2,0,3,4,4],[3,4,3,0,4,4],[4,4,4,4,0,4],[4,4,4,4,4,0]]"
bw_d410f9ea312a30978a2a,w01|w05|w06,"[[0,4,3,2,3,2],[4,0,4,4,4,4],[3,4,0,4,4,4],[2,4,4,0,2,4],[3,4,4,2,0,4],[2,4,4,4,4,0]]"
bw_ebbe783802c3fa4d9a58,w00|w02|w03,"[[0,2,4,4,2,2],[2,0,4,4,3,2],[4,4,0,4,4,4],[4,4,4,0,4,4],[2,3,4,4,0,2],[2,2,4,4,2,0]]"
bw_10d51b477ffb959ae7ba,w00|w01|w05,"[[0,4,2,2,4,3],[4,0,4,4,4,4],[2,4,0,2,4,4],[2,4,2,0,2,3],[4,4,4,2,0,4],[3,4,4,3,4,0]]"
bw_086e16a225684ad1826f,w00|w04|w05,"[[0,3,3,3,3,4],[3,0,3,2,3,4],[3,3,0,3,4,4],[3,2,3,0,4,4],[3,3,4,4,0,4],[4,4,4,4,4,0]]"
bw_9be849a285985aadd20a,w04|w06|w10,"[[0,2,2,2,4,3],[2,0,2,2,4,2],[2,2,0,3,4,1],[2,2,3,0,4,2],[4,4,4,4,0,4],[3,2,1,2,4,0]]"
bw_295522f5e15a2d54f2ad,w02|w03|w06,"[[0,4,4,2,3,4],[4,0,4,2,2,2],[4,4,0,4,4,4],[2,2,4,0,3,3],[3,2,4,3,0,3],[4,2,4,3,3,0]]"
bw_65d0dd07a19e622d0bd3,w00|w02|w09,"[[0,2,2,2,4,3],[2,0,2,3,4,3],[2,2,0,3,4,3],[2,3,3,0,4,4],[4,4,4,4,0,4],[3,3,3,4,4,0]]"
bw_0b57dc3829cabfe426de,w00|w03|w05,"[[0,4,4,4,4,4],[4,0,4,2,4,2],[4,4,0,4,4,4],[4,2,4,0,3,2],[4,4,4,3,0,4],[4,2,4,2,4,0]]"
bw_5d29848ae09f7982757b,w04|w08|w11,"[[0,4,4,1,4,1],[4,0,4,4,4,4],[4,4,0,4,4,4],[1,4,4,0,4,1],[4,4,4,4,0,4],[1,4,4,1,4,0]]"
bw_17a19049ee56c51e8e26,w06|w08|w10,"[[0,4,2,4,4,3],[4,0,4,4,4,4],[2,4,0,3,2,2],[4,4,3,0,3,2],[4,4,2,3,0,4],[3,4,2,2,4,0]]"
bw_57b45c77c0b080d78e4a,w03|w06|w10,"[[0,4,2,4,2,2],[4,0,4,4,3,4],[2,4,0,4,2,3],[4,4,4,0,4,4],[2,3,2,4,0,2],[2,4,3,4,2,0]]"
bw_a94bf4d168c0432c4b48,w01|w06|w08,"[[0,4,4,4,4,4],[4,0,2,3,3,3],[4,2,0,4,4,3],[4,3,4,0,3,2],[4,3,4,3,0,2],[4,3,3,2,2,0]]"
bw_5835025f78288c1ea7ec,w05|w06|w08,"[[0,4,4,4,2,2],[4,0,4,4,4,4],[4,4,0,4,4,4],[4,4,4,0,4,3],[2,4,4,4,0,2],[2,4,4,3,2,0]]"
bw_3425d2c64e4e875c7c31,w07|w08|w10,"[[0,4,4,3,2,3],[4,0,4,4,4,4],[4,4,0,4,4,4],[3,4,4,0,2,3],[2,4,4,2,0,2],[3,4,4,3,2,0]]"
bw_a0e3721314cc8d3dfe7b,w03|w06|w08,"[[0,4,3,2,3,4],[4,0,4,2,3,4],[3,4,0,4,4,4],[2,2,4,0,2,4],[3,3,4,2,0,4],[4,4,4,4,4,0]]"
bw_0ba79fd0d4fd0809f3e1,w03|w04|w11,"[[0,4,2,3,3,3],[4,0,4,4,4,4],[2,4,0,2,2,3],[3,4,2,0,2,4],[3,4,2,2,0,4],[3,4,3,4,4,0]]"
bw_3cf447892b6acc3fb9e0,w01|w06|w10,"[[0,4,3,3,4,4],[4,0,2,2,4,3],[3,2,0,3,4,2],[3,2,3,0,4,4],[4,4,4,4,0,4],[4,3,2,4,4,0]]"
bw_ba3d2f011d4be10e81de,w01|w09|w10,"[[0,4,4,2,4,4],[4,0,4,4,4,4],[4,4,0,4,4,4],[2,4,4,0,4,4],[4,4,4,4,0,4],[4,4,4,4,4,0]]"
bw_9d0cdf49a05f4a2a1ac6,w01|w02|w11,"[[0,1,4,2,4,4],[1,0,3,2,4,3],[4,3,0,2,4,3],[2,2,2,0,4,3],[4,4,4,4,0,4],[4,3,3,3,4,0]]"
bw_1b3a963153f7efbe8064,w05|w06|w07,"[[0,4,3,4,4,2],[4,0,2,4,2,2],[3,2,0,4,4,2],[4,4,4,0,4,4],[4,2,4,4,0,2],[2,2,2,4,2,0]]"
bw_a72f0de97e59c4f5f926,w01|w02|w07,"[[0,4,4,4,4,4],[4,0,3,3,3,4],[4,3,0,4,3,4],[4,3,4,0,4,4],[4,3,3,4,0,4],[4,4,4,4,4,0]]"
bw_72633d630c68f32a5052,w01|w02|w03,"[[0,2,3,4,4,3],[2,0,3,3,4,2],[3,3,0,4,4,2],[4,3,4,0,4,2],[4,4,4,4,0,4],[3,2,2,2,4,0]]"
bw_283b1e11d0b437989ed5,w00|w08|w10,"[[0,4,2,2,4,2],[4,0,4,4,4,4],[2,4,0,1,4,2],[2,4,1,0,4,3],[4,4,4,4,0,4],[2,4,2,3,4,0]]"
bw_bc7833a81687ce30bd09,w07|w08|w09,"[[0,2,2,4,4,4],[2,0,2,2,4,4],[2,2,0,3,4,4],[4,2,3,0,4,4],[4,4,4,4,0,4],[4,4,4,4,4,0]]"
bw_42203d3b45e7995ae216,w03|w04|w10,"[[0,4,4,3,3,3],[4,0,4,4,4,4],[4,4,0,3,4,4],[3,4,3,0,2,4],[3,4,4,2,0,3],[3,4,4,4,3,0]]"
bw_0f6f327e1eb3dcb3caf0,w02|w10|w11,"[[0,2,4,4,4,4],[2,0,4,4,4,4],[4,4,0,4,4,4],[4,4,4,0,4,4],[4,4,4,4,0,4],[4,4,4,4,4,0]]"
bw_06852031f6645a6f2346,w06|w09|w10,"[[0,4,3,4,3,4],[4,0,4,4,4,4],[3,4,0,4,2,4],[4,4,4,0,4,4],[3,4,2,4,0,4],[4,4,4,4,4,0]]"
bw_b19f4eaee2cfaf1a6c59,w05|w07|w09,"[[0,4,1,3,1,4],[4,0,3,4,3,4],[1,3,0,3,1,4],[3,4,3,0,2,4],[1,3,1,2,0,4],[4,4,4,4,4,0]]"
bw_a3c627df34e9db9dd52d,w01|w07|w08,"[[0,4,2,2,2,3],[4,0,4,4,4,4],[2,4,0,2,4,2],[2,4,2,0,4,4],[2,4,4,4,0,4],[3,4,2,4,4,0]]"
bw_4f8f97c5ccfb721b5c12,w00|w03|w09,"[[0,4,4,2,2,3],[4,0,4,4,4,4],[4,4,0,4,4,4],[2,4,4,0,2,2],[2,4,4,2,0,4],[3,4,4,2,4,0]]"
bw_c3b3f0baca77ce5cf334,w03|w04|w08,"[[0,4,4,4,4,4],[4,0,4,4,4,4],[4,4,0,3,4,4],[4,4,3,0,2,4],[4,4,4,2,0,4],[4,4,4,4,4,0]]"
bw_4fc18e96335f332aec99,w05|w06|w09,"[[0,3,2,4,4,4],[3,0,2,4,4,4],[2,2,0,4,4,4],[4,4,4,0,4,4],[4,4,4,4,0,2],[4,4,4,4,2,0]]"
bw_3dd6f1f5fe6a93219429,w02|w06|w07,"[[0,4,4,4,4,4],[4,0,3,4,4,3],[4,3,0,4,4,3],[4,4,4,0,3,4],[4,4,4,3,0,4],[4,3,3,4,4,0]]"
bw_a309657e898b4ec7048e,w02|w07|w09,"[[0,4,4,4,3,4],[4,0,4,4,3,4],[4,4,0,4,4,4],[4,4,4,0,4,4],[3,3,4,4,0,3],[4,4,4,4,3,0]]"
bw_a79fb44765f0c2b5af43,w05|w07|w10,"[[0,2,4,2,2,4],[2,0,4,2,3,3],[4,4,0,4,4,4],[2,2,4,0,4,3],[2,3,4,4,0,4],[4,3,4,3,4,0]]"
bw_fb580181319f1ff21a59,w02|w07|w10,"[[0,1,2,3,4,2],[1,0,1,4,4,1],[2,1,0,4,4,2],[3,4,4,0,4,4],[4,4,4,4,0,4],[2,1,2,4,4,0]]"
bw_3153a791606d2d320470,w01|w04|w09,"[[0,4,4,4,4,4],[4,0,4,4,4,3],[4,4,0,2,4,2],[4,4,2,0,4,2],[4,4,4,4,0,4],[4,3,2,2,4,0]]"
bw_ee62d8d5ebc700982ef8,w01|w06|w09,"[[0,1,3,4,2,4],[1,0,3,4,2,4],[3,3,0,4,3,4],[4,4,4,0,3,4],[2,2,3,3,0,4],[4,4,4,4,4,0]]"
bw_a896e9137da671bc5bf2,w01|w06|w07,"[[0,4,4,3,2,4],[4,0,4,4,4,4],[4,4,0,4,4,3],[3,4,4,0,2,4],[2,4,4,2,0,4],[4,4,3,4,4,0]]"
bw_5e366ae40f83924eb372,w08|w09|w10,"[[0,4,4,2,4,2],[4,0,4,4,4,4],[4,4,0,4,4,3],[2,4,4,0,4,2],[4,4,4,4,0,4],[2,4,3,2,4,0]]"
bw_87eb2de56613d7cfd0a6,w00|w01|w03,"[[0,3,2,4,4,4],[3,0,2,4,4,4],[2,2,0,4,4,4],[4,4,4,0,4,4],[4,4,4,4,0,4],[4,4,4,4,4,0]]"
bw_630adc35c86058c8bc1c,w01|w06|w07,"[[0,4,2,4,3,2],[4,0,4,4,4,4],[2,4,0,4,4,1],[4,4,4,0,4,4],[3,4,4,4,0,4],[2,4,1,4,4,0]]"
bw_e07c7c27ec2752f68931,w01|w03|w11,"[[0,4,3,2,4,2],[4,0,4,4,4,4],[3,4,0,2,4,3],[2,4,2,0,3,3],[4,4,4,3,0,4],[2,4,3,3,4,0]]"
bw_fd74900a828d3eaaac2b,w01|w09|w11,"[[0,4,4,4,4,4],[4,0,3,2,2,4],[4,3,0,4,4,4],[4,2,4,0,3,4],[4,2,4,3,0,4],[4,4,4,4,4,0]]"
bw_1e40b9661d0db55f7d24,w03|w04|w09,"[[0,4,3,4,4,2],[4,0,4,4,4,4],[3,4,0,2,4,2],[4,4,2,0,4,3],[4,4,4,4,0,4],[2,4,2,3,4,0]]"
bw_34e5703c2ff33b7c1b0a,w04|w06|w07,"[[0,4,4,4,4,4],[4,0,3,3,2,2],[4,3,0,4,2,3],[4,3,4,0,2,4],[4,2,2,2,0,3],[4,2,3,4,3,0]]"
bw_631a02090a606603b944,w03|w09|w10,"[[0,4,3,2,2,3],[4,0,4,4,4,4],[3,4,0,4,2,4],[2,4,4,0,2,2],[2,4,2,2,0,2],[3,4,4,2,2,0]]"
bw_8d1be886aff454f21270,w07|w09|w10,"[[0,4,4,4,4,4],[4,0,3,4,2,2],[4,3,0,2,3,2],[4,4,2,0,4,3],[4,2,3,4,0,3],[4,2,2,3,3,0]]"
bw_8ba427296b08f0c85ead,w01|w06|w09,"[[0,4,3,4,3,2],[4,0,4,4,4,4],[3,4,0,4,3,3],[4,4,4,0,4,4],[3,4,3,4,0,4],[2,4,3,4,4,0]]"
bw_09876d248262b3b931c3,w04|w07|w11,"[[0,4,4,4,4,4],[4,0,2,2,3,3],[4,2,0,3,2,2],[4,2,3,0,3,3],[4,3,2,3,0,4],[4,3,2,3,4,0]]"
bw_c303898f77cc89851aaa,w00|w02|w03,"[[0,4,4,4,3,4],[4,0,4,4,4,4],[4,4,0,4,4,4],[4,4,4,0,4,4],[3,4,4,4,0,3],[4,4,4,4,3,0]]"
bw_2f241c4c3bf3a522c33b,w01|w04|w08,"[[0,4,2,4,3,3],[4,0,4,4,4,4],[2,4,0,3,4,2],[4,4,3,0,4,3],[3,4,4,4,0,4],[3,4,2,3,4,0]]"
bw_58ce745af3d346c84787,w01|w05|w10,"[[0,4,4,2,4,4],[4,0,4,4,3,3],[4,4,0,3,3,3],[2,4,3,0,3,4],[4,3,3,3,0,3],[4,3,3,4,3,0]]"
bw_45edf970592c4fdce59c,w03|w07|w11,"[[0,4,4,4,4,4],[4,0,4,4,4,3],[4,4,0,4,3,4],[4,4,4,0,4,2],[4,4,3,4,0,4],[4,3,4,2,4,0]]"
bw_de7b7646ddaf3cbdfe53,w01|w05|w11,"[[0,4,4,4,4,4],[4,0,4,4,3,3],[4,4,0,4,3,4],[4,4,4,0,4,4],[4,3,3,4,0,4],[4,3,4,4,4,0]]"
bw_f1d7836a940621af06ce,w03|w05|w07,"[[0,4,4,4,4,4],[4,0,4,3,2,4],[4,4,0,2,2,2],[4,3,2,0,2,3],[4,2,2,2,0,3],[4,4,2,3,3,0]]"
bw_2dafc77f45503bc12b79,w04|w05|w09,"[[0,4,4,4,4,4],[4,0,4,4,4,4],[4,4,0,2,2,2],[4,4,2,0,3,2],[4,4,2,3,0,2],[4,4,2,2,2,0]]"
bw_b6201c296b897d37e1ac,w00|w04|w06,"[[0,2,3,2,2,4],[2,0,4,3,2,4],[3,4,0,4,4,4],[2,3,4,0,2,4],[2,2,4,2,0,4],[4,4,4,4,4,0]]"
bw_989d6ec8361a680e6c0f,w03|w04|w06,"[[0,4,4,4,3,4],[4,0,4,4,4,4],[4,4,0,3,2,2],[4,4,3,0,2,4],[3,4,2,2,0,4],[4,4,2,4,4,0]]"
bw_0aead662b5abde2e496d,w05|w08|w11,"[[0,3,3,4,4,4],[3,0,4,4,4,4],[3,4,0,4,3,4],[4,4,4,0,4,4],[4,4,3,4,0,4],[4,4,4,4,4,0]]"
bw_f103db0286042b785266,w04|w08|w09,"[[0,4,2,2,2,3],[4,0,4,4,4,4],[2,4,0,2,3,3],[2,4,2,0,2,3],[2,4,3,2,0,4],[3,4,3,3,4,0]]"
bw_7eaab39c8efe53f4e189,w01|w05|w10,"[[0,4,4,4,4,4],[4,0,4,3,2,3],[4,4,0,4,4,4],[4,3,4,0,2,2],[4,2,4,2,0,2],[4,3,4,2,2,0]]"
bw_d1545b45e47b615cdb80,w03|w04|w11,"[[0,4,4,4,4,4],[4,0,2,3,3,3],[4,2,0,3,3,2],[4,3,3,0,2,3],[4,3,3,2,0,2],[4,3,2,3,2,0]]"
bw_0611c90f0e5c12b7d9f0,w00|w01|w07,"[[0,2,2,3,3,4],[2,0,3,2,4,4],[2,3,0,4,3,4],[3,2,4,0,4,4],[3,4,3,4,0,3],[4,4,4,4,3,0]]"
bw_853f6fa6b5a4a39966bc,w03|w09|w10,"[[0,4,2,4,3,2],[4,0,4,4,4,4],[2,4,0,4,4,3],[4,4,4,0,4,4],[3,4,4,4,0,3],[2,4,3,4,3,0]]"
bw_b0c75aeb98349ddc4db5,w04|w08|w11,"[[0,4,4,4,4,3],[4,0,4,4,4,4],[4,4,0,4,4,4],[4,4,4,0,3,4],[4,4,4,3,0,4],[3,4,4,4,4,0]]"
bw_a81be34fbe09de3c3077,w01|w03|w07,"[[0,2,2,2,4,2],[2,0,2,3,4,3],[2,2,0,3,4,4],[2,3,3,0,4,4],[4,4,4,4,0,4],[2,3,4,4,4,0]]"
bw_b8838bb398535dc3bab2,w00|w02|w08,"[[0,4,4,4,4,4],[4,0,2,2,2,3],[4,2,0,3,2,4],[4,2,3,0,3,2],[4,2,2,3,0,4],[4,3,4,2,4,0]]"
bw_6cf3637179db3b8fc7b2,w02|w07|w11,"[[0,3,4,4,3,3],[3,0,3,4,4,2],[4,3,0,4,4,3],[4,4,4,0,4,4],[3,4,4,4,0,4],[3,2,3,4,4,0]]"
bw_5ef7794b6602d771dd10,w00|w03|w09,"[[0,4,4,4,4,4],[4,0,3,4,4,3],[4,3,0,4,4,2],[4,4,4,0,3,4],[4,4,4,3,0,4],[4,3,2,4,4,0]]"
bw_d47f396f4094c8f113c8,w01|w06|w08,"[[0,4,4,4,4,4],[4,0,3,2,2,4],[4,3,0,3,2,4],[4,2,3,0,2,3],[4,2,2,2,0,2],[4,4,4,3,2,0]]"
bw_056d25d5a30f664fbab6,w01|w05|w08,"[[0,4,4,4,4,4],[4,0,2,2,4,2],[4,2,0,2,4,2],[4,2,2,0,4,3],[4,4,4,4,0,4],[4,2,2,3,4,0]]"
bw_12c9ffe821dca050a812,w03|w08|w09,"[[0,4,4,4,4,4],[4,0,2,4,4,3],[4,2,0,4,4,3],[4,4,4,0,2,2],[4,4,4,2,0,3],[4,3,3,2,3,0]]"
bw_ad2e2004b2d9a671f423,w00|w07|w08,"[[0,2,4,2,2,2],[2,0,4,3,2,2],[4,4,0,4,4,4],[2,3,4,0,2,2],[2,2,4,2,0,2],[2,2,4,2,2,0]]"
bw_8e65b24ca8e8135c296d,w01|w04|w10,"[[0,4,4,4,4,4],[4,0,3,4,4,3],[4,3,0,4,4,3],[4,4,4,0,4,4],[4,4,4,4,0,4],[4,3,3,4,4,0]]"
bw_992f142730aa4b645c1d,w00|w03|w07,"[[0,4,4,4,4,4],[4,0,2,3,4,2],[4,2,0,2,4,2],[4,3,2,0,4,2],[4,4,4,4,0,4],[4,2,2,2,4,0]]"
bw_9294059299a107441d92,w02|w03|w05,"[[0,4,4,4,4,4],[4,0,4,4,4,4],[4,4,0,2,4,3],[4,4,2,0,4,2],[4,4,4,4,0,4],[4,4,3,2,4,0]]"
bw_608648f0cbd8d047ff2e,w01|w06|w11,"[[0,4,3,4,3,4],[4,0,4,4,4,4],[3,4,0,4,4,4],[4,4,4,0,4,4],[3,4,4,4,0,4],[4,4,4,4,4,0]]"
bw_46dfb4119710a6a9447b,w08|w10|w11,"[[0,4,4,4,4,4],[4,0,4,2,3,4],[4,4,0,3,2,4],[4,2,3,0,2,4],[4,3,2,2,0,4],[4,4,4,4,4,0]]"
bw_826988f5cbd085d6f60d,w07|w08|w10,"[[0,2,3,4,4,2],[2,0,4,3,4,1],[3,4,0,4,4,4],[4,3,4,0,4,4],[4,4,4,4,0,4],[2,1,4,4,4,0]]"
bw_dbac5cd36859fec37261,w03|w04|w09,"[[0,4,4,4,4,4],[4,0,2,2,2,4],[4,2,0,3,2,4],[4,2,3,0,2,4],[4,2,2,2,0,4],[4,4,4,4,4,0]]"
bw_25972f56d9a601d255db,w09|w10|w11,"[[0,4,3,3,3,3],[4,0,4,4,3,4],[3,4,0,3,4,4],[3,4,3,0,4,4],[3,3,4,4,0,4],[3,4,4,4,4,0]]"
bw_e39bd6585f059cc61fd0,w07|w08|w09,"[[0,4,3,4,4,2],[4,0,4,4,2,4],[3,4,0,4,4,3],[4,4,4,0,4,4],[4,2,4,4,0,4],[2,4,3,4,4,0]]"
bw_1116819754bab26a8409,w01|w07|w10,"[[0,4,2,4,2,4],[4,0,3,4,4,4],[2,3,0,4,2,3],[4,4,4,0,4,4],[2,4,2,4,0,4],[4,4,3,4,4,0]]"
bw_b0b71e051e2f07d0794f,w01|w09|w10,"[[0,2,4,4,2,3],[2,0,4,4,4,2],[4,4,0,4,4,4],[4,4,4,0,4,4],[2,4,4,4,0,4],[3,2,4,4,4,0]]"
bw_678463f6fadf2c667528,w00|w02|w08,"[[0,4,4,4,4,4],[4,0,4,4,3,4],[4,4,0,2,3,2],[4,4,2,0,3,2],[4,3,3,3,0,3],[4,4,2,2,3,0]]"
bw_796013970bcea3f424c1,w03|w07|w08,"[[0,4,4,4,4,4],[4,0,2,2,4,4],[4,2,0,2,4,4],[4,2,2,0,4,4],[4,4,4,4,0,4],[4,4,4,4,4,0]]"
bw_c62f4106f221bfaf0bb1,w07|w08|w10,"[[0,3,2,2,4,4],[3,0,3,4,4,4],[2,3,0,2,4,4],[2,4,2,0,4,4],[4,4,4,4,0,4],[4,4,4,4,4,0]]"
bw_92e2988c97692e0a59f4,w01|w06|w11,"[[0,4,4,4,4,4],[4,0,2,2,2,4],[4,2,0,2,2,4],[4,2,2,0,2,4],[4,2,2,2,0,4],[4,4,4,4,4,0]]"
bw_50d9c0709c283426d2ff,w00|w07|w11,"[[0,2,4,2,2,2],[2,0,4,3,2,2],[4,4,0,4,4,4],[2,3,4,0,4,3],[2,2,4,4,0,2],[2,2,4,3,2,0]]"
bw_85d22284eb6110f0b443,w09|w10|w11,"[[0,4,3,4,4,2],[4,0,4,4,4,4],[3,4,0,2,3,3],[4,4,2,0,2,2],[4,4,3,2,0,3],[2,4,3,2,3,0]]"
bw_d0121aee58875ed849c3,w00|w09|w11,"[[0,4,4,4,4,4],[4,0,4,4,4,4],[4,4,0,2,2,3],[4,4,2,0,3,3],[4,4,2,3,0,2],[4,4,3,3,2,0]]"
bw_869081d6a068c8b19fe3,w01|w05|w11,"[[0,4,3,4,2,3],[4,0,4,4,4,4],[3,4,0,3,3,3],[4,4,3,0,2,3],[2,4,3,2,0,2],[3,4,3,3,2,0]]"
bw_ff41c0165eaf91608c45,w03|w07|w09,"[[0,2,3,3,4,3],[2,0,3,4,4,2],[3,3,0,3,4,3],[3,4,3,0,4,4],[4,4,4,4,0,4],[3,2,3,4,4,0]]"
bw_4cea0e8b883e79d2623c,w00|w01|w07,"[[0,2,4,3,4,4],[2,0,3,2,4,4],[4,3,0,2,4,2],[3,2,2,0,4,3],[4,4,4,4,0,4],[4,4,2,3,4,0]]"
bw_f5a14c21889ff07d822e,w04|w05|w06,"[[0,4,3,4,4,2],[4,0,3,4,4,3],[3,3,0,4,4,2],[4,4,4,0,4,4],[4,4,4,4,0,4],[2,3,2,4,4,0]]"
bw_d88ccf5c8b9dd05913ee,w02|w04|w11,"[[0,4,2,4,2,3],[4,0,4,4,4,4],[2,4,0,4,2,2],[4,4,4,0,3,3],[2,4,2,3,0,2],[3,4,2,3,2,0]]"
bw_db33eb0c8ddb8010e97d,w00|w05|w06,"[[0,4,4,4,4,4],[4,0,4,4,4,4],[4,4,0,4,4,4],[4,4,4,0,2,2],[4,4,4,2,0,1],[4,4,4,2,1,0]]"
bw_7fc8237f7679dd7558f9,w02|w07|w11,"[[0,4,3,3,2,3],[4,0,4,4,4,4],[3,4,0,3,2,3],[3,4,3,0,3,3],[2,4,2,3,0,4],[3,4,3,3,4,0]]"
bw_c9e960bfa9ecbdd1a389,w01|w07|w11,"[[0,3,4,4,4,4],[3,0,3,4,4,2],[4,3,0,4,3,3],[4,4,4,0,4,4],[4,4,3,4,0,4],[4,2,3,4,4,0]]"
bw_27f340877f9a43138915,w05|w09|w11,"[[0,2,4,2,3,3],[2,0,4,1,3,2],[4,4,0,4,4,4],[2,1,4,0,3,3],[3,3,4,3,0,1],[3,2,4,3,1,0]]"
bw_031281509d38a791e746,w01|w02|w04,"[[0,4,4,4,4,4],[4,0,4,4,2,4],[4,4,0,4,3,4],[4,4,4,0,4,4],[4,2,3,4,0,4],[4,4,4,4,4,0]]"
bw_ae11483bf5743d6a02bd,w00|w04|w05,"[[0,3,2,2,4,3],[3,0,3,3,4,4],[2,3,0,3,4,4],[2,3,3,0,4,3],[4,4,4,4,0,4],[3,4,4,3,4,0]]"
bw_e9cb74ecc88347d021f0,w03|w04|w08,"[[0,2,4,2,3,3],[2,0,4,2,3,3],[4,4,0,4,4,4],[2,2,4,0,2,4],[3,3,4,2,0,4],[3,3,4,4,4,0]]"
bw_ef1023e5eeb2439a497d,w03|w07|w09,"[[0,2,4,4,4,4],[2,0,3,4,4,4],[4,3,0,2,3,4],[4,4,2,0,3,4],[4,4,3,3,0,4],[4,4,4,4,4,0]]"
bw_840981b5e8b3439d2771,w01|w03|w07,"[[0,4,4,3,3,4],[4,0,4,3,4,4],[4,4,0,4,4,2],[3,3,4,0,2,4],[3,4,4,2,0,4],[4,4,2,4,4,0]]"
bw_3ce69c7242134307dc23,w07|w08|w10,"[[0,4,3,4,4,3],[4,0,4,4,4,4],[3,4,0,2,4,3],[4,4,2,0,4,3],[4,4,4,4,0,4],[3,4,3,3,4,0]]"
bw_12c856260b044c4f673a,w04|w10|w11,"[[0,4,2,4,3,3],[4,0,4,4,4,4],[2,4,0,4,2,3],[4,4,4,0,4,3],[3,4,2,4,0,4],[3,4,3,3,4,0]]"
bw_4d43c94e836adf269383,w04|w06|w09,"[[0,4,4,4,3,4],[4,0,3,4,4,3],[4,3,0,3,4,2],[4,4,3,0,4,2],[3,4,4,4,0,4],[4,3,2,2,4,0]]"
bw_17b2523cc5eac8cf7d23,w00|w01|w07,"[[0,4,4,4,4,3],[4,0,2,2,4,2],[4,2,0,3,4,3],[4,2,3,0,4,3],[4,4,4,4,0,4],[3,2,3,3,4,0]]"
bw_55195f9f2390822b1e59,w01|w05|w10,"[[0,2,3,4,2,3],[2,0,1,4,2,4],[3,1,0,4,3,3],[4,4,4,0,4,4],[2,2,3,4,0,4],[3,4,3,4,4,0]]"
bw_98d7c968f235663b3aa9,w03|w06|w07,"[[0,4,4,4,4,4],[4,0,4,3,2,4],[4,4,0,4,4,3],[4,3,4,0,2,2],[4,2,4,2,0,2],[4,4,3,2,2,0]]"
bw_365d08c8b2259060c735,w05|w06|w08,"[[0,3,2,4,3,2],[3,0,3,4,2,2],[2,3,0,4,3,2],[4,4,4,0,4,4],[3,2,3,4,0,3],[2,2,2,4,3,0]]"
bw_6303c4bcd1919b6258c2,w02|w05|w09,"[[0,4,4,3,4,3],[4,0,4,4,4,4],[4,4,0,4,4,3],[3,4,4,0,4,3],[4,4,4,4,0,4],[3,4,3,3,4,0]]"
bw_de9a706dbac1f89ade25,w06|w08|w09,"[[0,4,4,3,2,4],[4,0,4,4,4,4],[4,4,0,4,4,4],[3,4,4,0,2,3],[2,4,4,2,0,3],[4,4,4,3,3,0]]"
bw_d8318ef180d19fab4613,w00|w02|w06,"[[0,3,2,4,3,1],[3,0,3,4,4,3],[2,3,0,4,2,2],[4,4,4,0,4,4],[3,4,2,4,0,2],[1,3,2,4,2,0]]"
bw_d00813f9692393954503,w00|w01|w04,"[[0,4,4,4,2,2],[4,0,4,3,4,4],[4,4,0,4,4,4],[4,3,4,0,4,2],[2,4,4,4,0,3],[2,4,4,2,3,0]]"
bw_6907c918bbdc96197077,w00|w03|w04,"[[0,4,4,4,4,4],[4,0,4,4,3,4],[4,4,0,3,4,2],[4,4,3,0,4,2],[4,3,4,4,0,4],[4,4,2,2,4,0]]"
bw_44eb7dd6299076d8c500,w04|w07|w09,"[[0,4,4,4,4,3],[4,0,4,4,3,3],[4,4,0,4,4,4],[4,4,4,0,4,4],[4,3,4,4,0,3],[3,3,4,4,3,0]]"
bw_e15969c79daff78b48c0,w04|w06|w07,"[[0,4,4,3,3,3],[4,0,4,4,4,4],[4,4,0,4,3,4],[3,4,4,0,4,4],[3,4,3,4,0,4],[3,4,4,4,4,0]]"
bw_423c03c7797e839bad34,w04|w07|w10,"[[0,4,2,4,2,3],[4,0,4,4,4,4],[2,4,0,2,2,2],[4,4,2,0,4,3],[2,4,2,4,0,2],[3,4,2,3,2,0]]"
bw_a96a63ad09c34a5ad99f,w03|w05|w08,"[[0,4,2,3,4,4],[4,0,3,4,4,4],[2,3,0,2,4,4],[3,4,2,0,4,4],[4,4,4,4,0,4],[4,4,4,4,4,0]]"
bw_9e0efeed3f24e95a919d,w05|w07|w09,"[[0,2,3,4,3,3],[2,0,2,4,4,4],[3,2,0,4,4,4],[4,4,4,0,4,4],[3,4,4,4,0,4],[3,4,4,4,4,0]]"
bw_f259c043e7d0934ef662,w00|w03|w09,"[[0,4,4,4,4,4],[4,0,3,4,4,3],[4,3,0,3,4,3],[4,4,3,0,4,4],[4,4,4,4,0,4],[4,3,3,4,4,0]]"
bw_3859a9acd826e398a1c4,w03|w05|w08,"[[0,2,2,3,4,3],[2,0,3,2,4,3],[2,3,0,2,2,2],[3,2,2,0,3,2],[4,4,2,3,0,2],[3,3,2,2,2,0]]"
bw_64cf6df8e49a3ee351a5,w06|w08|w11,"[[0,3,3,4,4,4],[3,0,3,4,4,4],[3,3,0,4,4,4],[4,4,4,0,4,4],[4,4,4,4,0,4],[4,4,4,4,4,0]]"
bw_498901fec650477ba984,w01|w02|w04,"[[0,4,2,3,4,4],[4,0,4,4,4,4],[2,4,0,2,2,2],[3,4,2,0,2,3],[4,4,2,2,0,2],[4,4,2,3,2,0]]"
bw_1baf9b69a1e24473cd91,w04|w07|w09,"[[0,4,3,4,2,2],[4,0,4,4,4,4],[3,4,0,4,2,3],[4,4,4,0,4,4],[2,4,2,4,0,2],[2,4,3,4,2,0]]"
bw_f8d438a3824fd5b02dbc,w02|w05|w07,"[[0,2,4,3,3,2],[2,0,4,3,4,2],[4,4,0,4,4,4],[3,3,4,0,4,3],[3,4,4,4,0,3],[2,2,4,3,3,0]]"
bw_0c11a89d737c619aa579,w01|w05|w10,"[[0,2,3,4,4,4],[2,0,3,4,4,4],[3,3,0,4,4,4],[4,4,4,0,4,4],[4,4,4,4,0,4],[4,4,4,4,4,0]]"
bw_33199c0f5403301afb6c,w00|w06|w10,"[[0,3,4,2,4,4],[3,0,4,3,4,4],[4,4,0,3,4,4],[2,3,3,0,4,4],[4,4,4,4,0,4],[4,4,4,4,4,0]]"
bw_d51395fffe7550b8e849,w00|w04|w10,"[[0,2,4,2,3,4],[2,0,4,2,2,3],[4,4,0,4,4,4],[2,2,4,0,2,4],[3,2,4,2,0,4],[4,3,4,4,4,0]]"
bw_d5695acf11223ca46c3a,w03|w09|w10,"[[0,2,4,4,4,4],[2,0,4,3,4,4],[4,4,0,4,4,4],[4,3,4,0,4,4],[4,4,4,4,0,4],[4,4,4,4,4,0]]"
bw_d10d38d4811a8cccc881,w01|w05|w11,"[[0,4,4,4,4,4],[4,0,3,2,4,2],[4,3,0,4,4,3],[4,2,4,0,4,2],[4,4,4,4,0,4],[4,2,3,2,4,0]]"
bw_d0d55bbf2f7369ca47ec,w01|w04|w07,"[[0,3,2,4,2,4],[3,0,2,4,3,4],[2,2,0,4,2,4],[4,4,4,0,4,4],[2,3,2,4,0,4],[4,4,4,4,4,0]]"
bw_73a1dea768582d815ec6,w00|w01|w04,"[[0,4,3,4,3,2],[4,0,4,4,3,4],[3,4,0,4,4,2],[4,4,4,0,4,4],[3,3,4,4,0,3],[2,4,2,4,3,0]]"
bw_f8beee254521bb6cee94,w04|w10|w11,"[[0,4,4,4,4,4],[4,0,3,4,2,3],[4,3,0,4,2,2],[4,4,4,0,4,4],[4,2,2,4,0,1],[4,3,2,4,1,0]]"
bw_7afc34f12bfc64bfcad9,w02|w05|w11,"[[0,4,1,3,2,4],[4,0,4,4,4,4],[1,4,0,2,2,4],[3,4,2,0,2,4],[2,4,2,2,0,4],[4,4,4,4,4,0]]"
bw_9072a011284d0e063bbc,w00|w10|w11,"[[0,2,4,2,3,1],[2,0,4,3,2,2],[4,4,0,4,4,4],[2,3,4,0,4,2],[3,2,4,4,0,3],[1,2,4,2,3,0]]"
bw_b16c7c177bf9ef3be23e,w05|w06|w11,"[[0,4,2,2,3,4],[4,0,4,4,4,4],[2,4,0,2,2,4],[2,4,2,0,2,4],[3,4,2,2,0,4],[4,4,4,4,4,0]]"
bw_d8ffae45f0654c977e8b,w02|w06|w09,"[[0,4,4,4,4,4],[4,0,3,2,3,4],[4,3,0,4,4,4],[4,2,4,0,3,4],[4,3,4,3,0,4],[4,4,4,4,4,0]]"
bw_ed16343ec47309a8f22b,w00|w01|w11,"[[0,3,4,2,3,4],[3,0,3,2,2,4],[4,3,0,3,4,4],[2,2,3,0,2,4],[3,2,4,2,0,4],[4,4,4,4,4,0]]"
bw_1eaadefdba9f6e588f11,w05|w06|w09,"[[0,3,3,2,4,4],[3,0,4,3,4,4],[3,4,0,4,4,4],[2,3,4,0,4,4],[4,4,4,4,0,4],[4,4,4,4,4,0]]"
bw_3d2f9567cb2c32e62cf6,w04|w06|w08,"[[0,3,2,4,3,3],[3,0,3,4,2,3],[2,3,0,4,2,2],[4,4,4,0,4,4],[3,2,2,4,0,2],[3,3,2,4,2,0]]"
bw_4b88d6963f91ab3b3e34,w02|w03|w06,"[[0,2,4,4,4,4],[2,0,4,4,4,4],[4,4,0,4,4,2],[4,4,4,0,4,4],[4,4,4,4,0,2],[4,4,2,4,2,0]]"
bw_d0c1a1639c95f0529b59,w01|w03|w04,"[[0,3,4,4,2,4],[3,0,3,3,2,4],[4,3,0,3,2,4],[4,3,3,0,3,4],[2,2,2,3,0,4],[4,4,4,4,4,0]]"
bw_cc59f9cd13c1c02d222a,w03|w04|w11,"[[0,4,4,4,4,4],[4,0,3,4,2,4],[4,3,0,3,2,2],[4,4,3,0,4,2],[4,2,2,4,0,2],[4,4,2,2,2,0]]"
bw_c52453d56107b4fabc19,w02|w03|w04,"[[0,2,3,2,4,4],[2,0,3,3,4,4],[3,3,0,2,4,4],[2,3,2,0,4,4],[4,4,4,4,0,4],[4,4,4,4,4,0]]"
bw_e097d887fba9e3df8e50,w03|w04|w08,"[[0,4,4,4,4,4],[4,0,4,4,4,3],[4,4,0,3,4,4],[4,4,3,0,4,3],[4,4,4,4,0,4],[4,3,4,3,4,0]]"
bw_c43c554a1000047ab75e,w01|w05|w11,"[[0,3,4,4,4,4],[3,0,2,3,4,2],[4,2,0,4,4,4],[4,3,4,0,4,3],[4,4,4,4,0,4],[4,2,4,3,4,0]]"
bw_03c99b594d5ab581edff,w00|w04|w11,"[[0,4,4,4,4,4],[4,0,3,2,4,3],[4,3,0,4,4,4],[4,2,4,0,4,3],[4,4,4,4,0,4],[4,3,4,3,4,0]]"
bw_a08f81dcb6e5acade797,w01|w02|w03,"[[0,4,3,2,3,3],[4,0,4,4,4,4],[3,4,0,2,4,4],[2,4,2,0,3,2],[3,4,4,3,0,2],[3,4,4,2,2,0]]"
bw_2c8b8475595731d2ea4e,w00|w02|w07,"[[0,3,3,2,2,4],[3,0,4,4,4,4],[3,4,0,3,3,4],[2,4,3,0,3,4],[2,4,3,3,0,4],[4,4,4,4,4,0]]"
bw_d88ad8a95661f4fb3c5a,w03|w08|w11,"[[0,3,3,4,4,3],[3,0,3,2,4,2],[3,3,0,4,4,2],[4,2,4,0,4,4],[4,4,4,4,0,4],[3,2,2,4,4,0]]"
bw_8907bb9e8408590063f0,w01|w02|w11,"[[0,4,2,2,4,2],[4,0,4,4,4,4],[2,4,0,2,4,3],[2,4,2,0,4,2],[4,4,4,4,0,4],[2,4,3,2,4,0]]"
bw_a1f2a98d6411bef56047,w01|w08|w11,"[[0,4,4,4,4,4],[4,0,4,3,4,4],[4,4,0,2,2,4],[4,3,2,0,3,4],[4,4,2,3,0,4],[4,4,4,4,4,0]]"
bw_bd5dd4213923d1e43791,w01|w04|w11,"[[0,4,4,4,4,3],[4,0,4,2,3,2],[4,4,0,4,4,3],[4,2,4,0,3,4],[4,3,4,3,0,2],[3,2,3,4,2,0]]"
bw_e9cb115c3ad3e10c737b,w02|w04|w10,"[[0,2,4,2,3,2],[2,0,4,3,3,2],[4,4,0,4,4,4],[2,3,4,0,2,2],[3,3,4,2,0,3],[2,2,4,2,3,0]]"
bw_1b7b279a98713ec298f4,w00|w07|w08,"[[0,4,4,4,4,4],[4,0,4,3,3,4],[4,4,0,3,3,4],[4,3,3,0,3,3],[4,3,3,3,0,2],[4,4,4,3,2,0]]"
bw_b62df44381a9bce983f8,w02|w07|w11,"[[0,4,2,2,4,3],[4,0,4,4,4,4],[2,4,0,2,4,2],[2,4,2,0,4,2],[4,4,4,4,0,4],[3,4,2,2,4,0]]"
bw_6592d146c2b74b747b07,w01|w05|w11,"[[0,4,3,2,4,4],[4,0,3,2,4,2],[3,3,0,2,4,4],[2,2,2,0,4,4],[4,4,4,4,0,4],[4,2,4,4,4,0]]"
bw_226cfbb4a057d8d1a243,w00|w08|w10,"[[0,3,4,2,3,4],[3,0,4,2,4,4],[4,4,0,4,4,4],[2,2,4,0,3,4],[3,4,4,3,0,4],[4,4,4,4,4,0]]"
bw_eb5e4f12050475b9ea42,w00|w01|w07,"[[0,2,4,3,3,3],[2,0,4,3,3,3],[4,4,0,4,3,3],[3,3,4,0,2,3],[3,3,3,2,0,2],[3,3,3,3,2,0]]"
bw_0a4ca86edf9b78772eb8,w02|w05|w11,"[[0,4,4,4,4,4],[4,0,3,2,4,3],[4,3,0,2,3,4],[4,2,2,0,2,3],[4,4,3,2,0,4],[4,3,4,3,4,0]]"
bw_473b75f94c905b2e7cdb,w03|w07|w09,"[[0,3,3,4,3,2],[3,0,3,4,2,1],[3,3,0,4,2,2],[4,4,4,0,4,4],[3,2,2,4,0,2],[2,1,2,4,2,0]]"
bw_4671e6586257b3d42c54,w02|w03|w04,"[[0,4,4,4,4,4],[4,0,3,4,4,4],[4,3,0,4,1,4],[4,4,4,0,4,4],[4,4,1,4,0,4],[4,4,4,4,4,0]]"
bw_161d564cd2c2f1a55fec,w03|w05|w10,"[[0,2,2,2,4,3],[2,0,3,2,4,4],[2,3,0,2,4,4],[2,2,2,0,4,4],[4,4,4,4,0,4],[3,4,4,4,4,0]]"
bw_db4d65834c6446ecd55d,w01|w05|w10,"[[0,1,2,2,1,4],[1,0,3,3,2,4],[2,3,0,3,3,4],[2,3,3,0,2,4],[1,2,3,2,0,4],[4,4,4,4,4,0]]"
bw_1227d66f7ba0a63bd206,w04|w05|w09,"[[0,2,4,2,4,3],[2,0,4,3,4,3],[4,4,0,4,4,4],[2,3,4,0,3,2],[4,4,4,3,0,4],[3,3,4,2,4,0]]"
bw_70d8acca0735b90c79c6,w03|w04|w06,"[[0,4,2,3,2,3],[4,0,4,4,4,4],[2,4,0,4,2,3],[3,4,4,0,3,4],[2,4,2,3,0,2],[3,4,3,4,2,0]]"
bw_0696a0e1522b7285d03c,w01|w05|w11,"[[0,4,2,4,3,2],[4,0,4,2,4,4],[2,4,0,4,2,3],[4,2,4,0,3,4],[3,4,2,3,0,4],[2,4,3,4,4,0]]"
bw_cb75217907b32810abd2,w01|w02|w08,"[[0,4,4,4,2,4],[4,0,4,4,4,4],[4,4,0,4,4,4],[4,4,4,0,4,4],[2,4,4,4,0,4],[4,4,4,4,4,0]]"
bw_f6f9c5c7cf5c78cbd715,w00|w02|w11,"[[0,2,4,4,2,4],[2,0,4,4,2,2],[4,4,0,4,4,4],[4,4,4,0,3,4],[2,2,4,3,0,3],[4,2,4,4,3,0]]"
bw_77afbf99ca9ddf9a3db6,w00|w04|w10,"[[0,3,4,4,4,4],[3,0,4,4,2,2],[4,4,0,4,4,4],[4,4,4,0,4,3],[4,2,4,4,0,3],[4,2,4,3,3,0]]"
bw_3e29306d542dd8f70602,w00|w04|w06,"[[0,3,2,4,4,4],[3,0,4,4,4,4],[2,4,0,4,3,4],[4,4,4,0,3,4],[4,4,3,3,0,4],[4,4,4,4,4,0]]"
bw_0916f03878bce8bb431d,w04|w06|w08,"[[0,4,4,2,2,4],[4,0,4,2,3,3],[4,4,0,4,3,4],[2,2,4,0,2,4],[2,3,3,2,0,4],[4,3,4,4,4,0]]"
bw_ce4b7bd69ea613ec3ebb,w00|w02|w10,"[[0,3,2,2,2,4],[3,0,4,2,3,4],[2,4,0,3,2,4],[2,2,3,0,2,4],[2,3,2,2,0,4],[4,4,4,4,4,0]]"
bw_d9f9ccc8e0f5bcd3aa69,w02|w03|w08,"[[0,2,3,4,4,2],[2,0,3,4,4,2],[3,3,0,4,4,2],[4,4,4,0,4,4],[4,4,4,4,0,4],[2,2,2,4,4,0]]"
bw_a079df9ba18c598ce6e9,w00|w01|w07,"[[0,4,4,4,4,4],[4,0,4,4,3,4],[4,4,0,4,4,4],[4,4,4,0,4,4],[4,3,4,4,0,4],[4,4,4,4,4,0]]"
bw_4321fbcb55300e4f0427,w00|w02|w04,"[[0,4,3,4,4,4],[4,0,2,3,4,4],[3,2,0,3,4,3],[4,3,3,0,4,4],[4,4,4,4,0,4],[4,4,3,4,4,0]]"
bw_5fcdba018ae67df9457c,w00|w05|w09,"[[0,4,4,4,4,4],[4,0,3,3,4,3],[4,3,0,2,3,3],[4,3,2,0,3,3],[4,4,3,3,0,3],[4,3,3,3,3,0]]"
bw_d99d6792179d90efc7d0,w01|w03|w05,"[[0,4,4,3,3,2],[4,0,4,3,4,4],[4,4,0,4,4,4],[3,3,4,0,3,4],[3,4,4,3,0,2],[2,4,4,4,2,0]]"
bw_021b4e02e8866a93428c,w04|w09|w10,"[[0,4,4,4,4,4],[4,0,4,3,3,4],[4,4,0,4,4,4],[4,3,4,0,3,4],[4,3,4,3,0,4],[4,4,4,4,4,0]]"
bw_5e4f681a5ace59bab079,w04|w07|w09,"[[0,4,4,4,4,4],[4,0,3,3,2,4],[4,3,0,2,2,4],[4,3,2,0,2,4],[4,2,2,2,0,4],[4,4,4,4,4,0]]"
bw_b14c180ca3050255a5b8,w03|w09|w10,"[[0,3,4,4,4,4],[3,0,3,3,4,2],[4,3,0,3,4,4],[4,3,3,0,4,3],[4,4,4,4,0,4],[4,2,4,3,4,0]]"
bw_d3b86df06d27229fbb03,w05|w09|w10,"[[0,4,4,3,2,4],[4,0,4,3,2,4],[4,4,0,4,4,4],[3,3,4,0,2,2],[2,2,4,2,0,3],[4,4,4,2,3,0]]"
bw_3774838b2619502207c6,w03|w04|w07,"[[0,4,2,3,3,2],[4,0,4,4,4,4],[2,4,0,2,2,2],[3,4,2,0,2,3],[3,4,2,2,0,2],[2,4,2,3,2,0]]"
bw_9939dbeec129a7575491,w00|w02|w07,"[[0,4,4,4,4,4],[4,0,3,2,4,3],[4,3,0,2,4,4],[4,2,2,0,4,2],[4,4,4,4,0,4],[4,3,4,2,4,0]]"
bw_ba191ef331f66255ba42,w01|w03|w06,"[[0,2,2,4,4,1],[2,0,2,4,4,2],[2,2,0,4,4,3],[4,4,4,0,4,4],[4,4,4,4,0,4],[1,2,3,4,4,0]]"
bw_c22f22e874c565c12df5,w05|w07|w11,"[[0,3,4,3,2,3],[3,0,4,2,1,4],[4,4,0,4,4,4],[3,2,4,0,3,4],[2,1,4,3,0,4],[3,4,4,4,4,0]]"
bw_74e077eb9141d1dd297e,w04|w05|w06,"[[0,2,1,2,2,4],[2,0,2,4,2,4],[1,2,0,3,2,4],[2,4,3,0,4,4],[2,2,2,4,0,4],[4,4,4,4,4,0]]"
bw_09c309221aa889e43e2c,w01|w09|w10,"[[0,2,2,4,4,4],[2,0,2,4,4,4],[2,2,0,4,4,4],[4,4,4,0,4,4],[4,4,4,4,0,4],[4,4,4,4,4,0]]"
bw_98e87f9220a610ecd57c,w04|w05|w06,"[[0,4,4,3,4,4],[4,0,4,4,4,4],[4,4,0,3,4,2],[3,4,3,0,4,1],[4,4,4,4,0,4],[4,4,2,1,4,0]]"
bw_d5f9fac11c34a045de57,w00|w02|w10,"[[0,2,4,4,2,4],[2,0,3,4,3,3],[4,3,0,4,4,4],[4,4,4,0,4,4],[2,3,4,4,0,4],[4,3,4,4,4,0]]"
bw_5f72db74578e4326c636,w00|w01|w04,"[[0,4,4,4,4,4],[4,0,4,4,4,4],[4,4,0,4,4,4],[4,4,4,0,4,4],[4,4,4,4,0,4],[4,4,4,4,4,0]]"
bw_bc267c46e64c4ed9111b,w03|w04|w10,"[[0,4,4,2,3,4],[4,0,4,4,4,4],[4,4,0,4,4,4],[2,4,4,0,4,4],[3,4,4,4,0,4],[4,4,4,4,4,0]]"
bw_c1bdd7609b1935269287,w01|w02|w10,"[[0,4,3,2,4,4],[4,0,4,4,4,4],[3,4,0,3,2,3],[2,4,3,0,3,4],[4,4,2,3,0,3],[4,4,3,4,3,0]]"
bw_b50aaddb2ff101fd9b70,w05|w09|w10,"[[0,4,4,4,4,4],[4,0,3,4,4,4],[4,3,0,3,4,3],[4,4,3,0,4,3],[4,4,4,4,0,4],[4,4,3,3,4,0]]"
bw_345434af772ae33c1550,w03|w08|w11,"[[0,4,4,4,4,4],[4,0,1,4,2,3],[4,1,0,4,2,2],[4,4,4,0,4,4],[4,2,2,4,0,2],[4,3,2,4,2,0]]"
bw_e76814dead450e115e16,w05|w06|w10,"[[0,4,4,4,4,4],[4,0,3,2,2,4],[4,3,0,3,3,4],[4,2,3,0,2,4],[4,2,3,2,0,4],[4,4,4,4,4,0]]"
bw_4a3e66db47bd3b355a45,w02|w06|w10,"[[0,4,4,4,4,4],[4,0,4,2,3,4],[4,4,0,4,4,4],[4,2,4,0,2,3],[4,3,4,2,0,3],[4,4,4,3,3,0]]"
bw_447e3cbad0441c462743,w02|w06|w09,"[[0,4,4,2,4,4],[4,0,4,3,3,4],[4,4,0,4,4,4],[2,3,4,0,3,4],[4,3,4,3,0,4],[4,4,4,4,4,0]]"
bw_90e25679f6a81cfe2c7f,w02|w04|w08,"[[0,2,2,4,3,3],[2,0,2,4,2,4],[2,2,0,4,2,4],[4,4,4,0,4,4],[3,2,2,4,0,4],[3,4,4,4,4,0]]"
bw_28fb782aafb9d6ea245a,w04|w06|w08,"[[0,4,4,4,4,4],[4,0,2,2,2,4],[4,2,0,2,2,4],[4,2,2,0,2,4],[4,2,2,2,0,4],[4,4,4,4,4,0]]"
bw_b0a30096864d3e101e88,w00|w02|w07,"[[0,3,4,4,4,4],[3,0,2,2,4,4],[4,2,0,2,4,4],[4,2,2,0,4,4],[4,4,4,4,0,4],[4,4,4,4,4,0]]"
bw_f3e646e798e7d6a7dc97,w06|w07|w09,"[[0,3,3,4,4,3],[3,0,2,1,4,2],[3,2,0,3,4,3],[4,1,3,0,4,2],[4,4,4,4,0,4],[3,2,3,2,4,0]]"
bw_0a59d4c02a4c10e832f6,w00|w03|w07,"[[0,4,4,3,3,4],[4,0,4,3,2,3],[4,4,0,4,4,4],[3,3,4,0,1,2],[3,2,4,1,0,2],[4,3,4,2,2,0]]"
bw_48b5d9bfa4864641cf36,w02|w09|w10,"[[0,4,4,4,4,4],[4,0,2,2,3,4],[4,2,0,2,3,4],[4,2,2,0,4,4],[4,3,3,4,0,4],[4,4,4,4,4,0]]"
bw_ff52f9ab141716f8f925,w04|w05|w11,"[[0,4,2,2,3,4],[4,0,4,4,4,4],[2,4,0,2,4,4],[2,4,2,0,4,4],[3,4,4,4,0,4],[4,4,4,4,4,0]]"
bw_a140a81d22a0eb3838e4,w00|w03|w10,"[[0,2,3,2,3,4],[2,0,3,2,3,4],[3,3,0,3,4,4],[2,2,3,0,3,4],[3,3,4,3,0,4],[4,4,4,4,4,0]]"
bw_16b306c0ab90f5af3be3,w05|w06|w09,"[[0,3,4,3,4,4],[3,0,4,2,2,4],[4,4,0,4,4,4],[3,2,4,0,4,4],[4,2,4,4,0,4],[4,4,4,4,4,0]]"
bw_8c6321eb743b8d648274,w01|w02|w04,"[[0,4,4,2,4,4],[4,0,4,4,4,4],[4,4,0,4,3,4],[2,4,4,0,2,3],[4,4,3,2,0,2],[4,4,4,3,2,0]]"
bw_0ce18c9dcb41401f96ba,w04|w07|w10,"[[0,3,4,3,4,3],[3,0,4,3,4,3],[4,4,0,4,4,4],[3,3,4,0,4,3],[4,4,4,4,0,4],[3,3,4,3,4,0]]"
bw_2fe6f68793154c30e5ee,w02|w08|w10,"[[0,4,4,4,4,4],[4,0,4,4,4,4],[4,4,0,2,2,4],[4,4,2,0,3,4],[4,4,2,3,0,4],[4,4,4,4,4,0]]"
bw_dda9dfa3372b8498da3a,w08|w09|w11,"[[0,2,4,2,4,3],[2,0,4,4,4,2],[4,4,0,4,4,4],[2,4,4,0,4,4],[4,4,4,4,0,4],[3,2,4,4,4,0]]"
bw_30d0ede38f258747f744,w00|w01|w11,"[[0,2,4,2,2,2],[2,0,4,3,3,4],[4,4,0,4,4,4],[2,3,4,0,2,2],[2,3,4,2,0,3],[2,4,4,2,3,0]]"
bw_35a45cbda72154156b91,w01|w03|w10,"[[0,3,2,3,3,4],[3,0,3,4,4,4],[2,3,0,3,3,4],[3,4,3,0,4,4],[3,4,3,4,0,4],[4,4,4,4,4,0]]"
bw_1affd119493531c77fe5,w00|w02|w04,"[[0,4,4,4,4,4],[4,0,3,1,2,1],[4,3,0,4,4,3],[4,1,4,0,2,2],[4,2,4,2,0,2],[4,1,3,2,2,0]]"
bw_382e2298a904cd79e1f8,w01|w02|w04,"[[0,4,4,4,3,4],[4,0,4,4,4,2],[4,4,0,3,3,3],[4,4,3,0,2,2],[3,4,3,2,0,3],[4,2,3,2,3,0]]"
bw_12326aaca8c67d1b8cb0,w00|w06|w07,"[[0,2,4,2,2,4],[2,0,3,3,2,4],[4,3,0,3,3,4],[2,3,3,0,2,4],[2,2,3,2,0,4],[4,4,4,4,4,0]]"
bw_500c81fbed4e5e6d173e,w04|w05|w06,"[[0,2,4,3,3,4],[2,0,4,2,2,4],[4,4,0,4,3,4],[3,2,4,0,4,4],[3,2,3,4,0,4],[4,4,4,4,4,0]]"
bw_fab960d40710841c98c1,w01|w06|w10,"[[0,3,3,2,3,4],[3,0,3,2,3,4],[3,3,0,2,2,4],[2,2,2,0,2,4],[3,3,2,2,0,4],[4,4,4,4,4,0]]"
bw_21121de45b40d4c04a59,w00|w05|w06,"[[0,4,4,4,4,4],[4,0,4,4,4,4],[4,4,0,3,3,2],[4,4,3,0,3,4],[4,4,3,3,0,3],[4,4,2,4,3,0]]"
bw_3a0315f09ec062641795,w01|w02|w06,"[[0,3,2,2,3,4],[3,0,4,4,4,4],[2,4,0,3,3,4],[2,4,3,0,2,4],[3,4,3,2,0,4],[4,4,4,4,4,0]]"
bw_b9fbc7f377cee72fa2d2,w02|w05|w06,"[[0,3,4,4,4,3],[3,0,4,4,4,3],[4,4,0,4,4,3],[4,4,4,0,4,4],[4,4,4,4,0,4],[3,3,3,4,4,0]]"
bw_414e15bde707821aef3c,w02|w09|w10,"[[0,4,4,3,4,2],[4,0,4,2,4,2],[4,4,0,4,4,4],[3,2,4,0,4,2],[4,4,4,4,0,4],[2,2,4,2,4,0]]"
bw_f08565448ba9b624fa76,w02|w04|w11,"[[0,4,3,4,4,4],[4,0,2,2,4,4],[3,2,0,3,4,4],[4,2,3,0,4,4],[4,4,4,4,0,4],[4,4,4,4,4,0]]"
bw_194ec6579eb1260c8175,w03|w09|w10,"[[0,4,3,2,2,2],[4,0,4,4,4,4],[3,4,0,2,4,2],[2,4,2,0,3,3],[2,4,4,3,0,2],[2,4,2,3,2,0]]"
bw_4348dd23cb41e8e67f4c,w01|w10|w11,"[[0,2,1,3,4,4],[2,0,2,1,4,4],[1,2,0,3,4,4],[3,1,3,0,4,4],[4,4,4,4,0,4],[4,4,4,4,4,0]]"
bw_823b4e2a40b5b2fde398,w01|w06|w08,"[[0,3,4,3,4,2],[3,0,4,2,3,3],[4,4,0,4,2,4],[3,2,4,0,4,3],[4,3,2,4,0,4],[2,3,4,3,4,0]]"
bw_3fe4b4e6b11f77f718f9,w00|w07|w11,"[[0,4,4,4,4,4],[4,0,2,3,2,2],[4,2,0,4,3,2],[4,3,4,0,4,3],[4,2,3,4,0,2],[4,2,2,3,2,0]]"
bw_eeee2493e6a04310af0e,w04|w05|w06,"[[0,4,3,4,3,4],[4,0,4,4,4,4],[3,4,0,4,3,4],[4,4,4,0,4,4],[3,4,3,4,0,4],[4,4,4,4,4,0]]"
bw_8ee745ded10448f8315a,w00|w09|w10,"[[0,3,2,4,3,3],[3,0,2,4,4,4],[2,2,0,4,3,2],[4,4,4,0,4,4],[3,4,3,4,0,3],[3,4,2,4,3,0]]"
bw_33cd0d06e791e041cdd6,w02|w03|w05,"[[0,4,4,4,4,4],[4,0,2,2,3,4],[4,2,0,2,3,4],[4,2,2,0,2,3],[4,3,3,2,0,4],[4,4,4,3,4,0]]"
bw_46388133ba628e554de2,w00|w03|w05,"[[0,4,4,4,4,4],[4,0,3,2,4,3],[4,3,0,2,4,3],[4,2,2,0,4,2],[4,4,4,4,0,4],[4,3,3,2,4,0]]"
bw_3f89cf7e6b9f8692a031,w04|w09|w11,"[[0,4,3,2,3,4],[4,0,4,4,4,4],[3,4,0,2,3,4],[2,4,2,0,2,4],[3,4,3,2,0,4],[4,4,4,4,4,0]]"
bw_e83b12cf1f613096d791,w00|w02|w03,"[[0,3,4,4,4,4],[3,0,4,4,4,4],[4,4,0,4,2,4],[4,4,4,0,4,4],[4,4,2,4,0,4],[4,4,4,4,4,0]]"
bw_41ba404ea6c85c6cdf1f,w00|w01|w03,"[[0,2,3,4,2,4],[2,0,4,4,2,4],[3,4,0,4,3,3],[4,4,4,0,4,4],[2,2,3,4,0,4],[4,4,3,4,4,0]]"
bw_a4ae44926a27e0e13d0c,w01|w02|w10,"[[0,4,4,3,4,4],[4,0,4,4,4,3],[4,4,0,2,4,2],[3,4,2,0,4,2],[4,4,4,4,0,4],[4,3,2,2,4,0]]"
bw_87150e60eb9f06b73a43,w01|w02|w11,"[[0,3,3,4,2,2],[3,0,2,4,3,2],[3,2,0,4,3,3],[4,4,4,0,4,4],[2,3,3,4,0,3],[2,2,3,4,3,0]]"
bw_36dfd138c8a4708783a1,w01|w06|w09,"[[0,4,4,4,4,4],[4,0,3,4,2,4],[4,3,0,2,3,2],[4,4,2,0,3,3],[4,2,3,3,0,3],[4,4,2,3,3,0]]"
bw_841ccc909cd4ed6bc871,w02|w03|w08,"[[0,4,4,4,4,4],[4,0,2,4,2,2],[4,2,0,4,3,3],[4,4,4,0,4,4],[4,2,3,4,0,2],[4,2,3,4,2,0]]"
bw_b1fafaca654c787b7ed8,w02|w06|w08,"[[0,4,4,4,4,4],[4,0,4,2,2,4],[4,4,0,4,4,4],[4,2,4,0,2,4],[4,2,4,2,0,4],[4,4,4,4,4,0]]"
bw_8ca6fa9951b7f13910fa,w08|w10|w11,"[[0,4,4,4,4,4],[4,0,1,2,4,3],[4,1,0,2,4,3],[4,2,2,0,3,4],[4,4,4,3,0,4],[4,3,3,4,4,0]]"
bw_38d3adf1e53a6faf86ed,w05|w06|w09,"[[0,4,4,4,2,2],[4,0,4,4,4,4],[4,4,0,4,4,4],[4,4,4,0,4,4],[2,4,4,4,0,2],[2,4,4,4,2,0]]"
bw_034bc6a93ff85ce4c566,w00|w01|w08,"[[0,4,4,4,4,4],[4,0,4,4,4,4],[4,4,0,3,4,4],[4,4,3,0,2,4],[4,4,4,2,0,4],[4,4,4,4,4,0]]"
bw_877f24acddafc4e36bb8,w02|w07|w08,"[[0,4,4,4,4,4],[4,0,3,2,2,4],[4,3,0,2,2,4],[4,2,2,0,3,4],[4,2,2,3,0,4],[4,4,4,4,4,0]]"
bw_d0ba0d363e1409102086,w03|w04|w11,"[[0,3,3,4,4,3],[3,0,4,4,4,4],[3,4,0,3,4,3],[4,4,3,0,4,4],[4,4,4,4,0,4],[3,4,3,4,4,0]]"
bw_c650084b5e888d3a141b,w05|w09|w11,"[[0,4,3,4,4,4],[4,0,4,4,3,3],[3,4,0,4,3,3],[4,4,4,0,4,4],[4,3,3,4,0,3],[4,3,3,4,3,0]]"
bw_df86348c49bc0ce06587,w02|w04|w05,"[[0,4,2,4,2,3],[4,0,3,4,4,4],[2,3,0,4,2,3],[4,4,4,0,4,4],[2,4,2,4,0,3],[3,4,3,4,3,0]]"
bw_38284c36ac2e63ac603b,w00|w04|w09,"[[0,2,2,4,4,4],[2,0,3,4,4,4],[2,3,0,4,4,4],[4,4,4,0,4,4],[4,4,4,4,0,4],[4,4,4,4,4,0]]"
bw_4b6c90176d8f6178e98f,w00|w03|w06,"[[0,2,3,4,4,2],[2,0,4,4,4,3],[3,4,0,4,4,2],[4,4,4,0,4,4],[4,4,4,4,0,4],[2,3,2,4,4,0]]"
bw_f58b123588f25fd5d4b6,w00|w02|w10,"[[0,4,4,4,4,4],[4,0,4,3,4,3],[4,4,0,2,3,2],[4,3,2,0,2,3],[4,4,3,2,0,4],[4,3,2,3,4,0]]"
bw_e2e0b90d4fc0610ddc93,w01|w08|w11,"[[0,4,3,4,4,3],[4,0,4,4,4,4],[3,4,0,4,2,3],[4,4,4,0,4,4],[4,4,2,4,0,4],[3,4,3,4,4,0]]"
bw_9c0c55fcbd7b3d590081,w03|w08|w09,"[[0,2,2,4,3,3],[2,0,2,4,4,2],[2,2,0,4,2,2],[4,4,4,0,4,4],[3,4,2,4,0,3],[3,2,2,4,3,0]]"
bw_9f8b16cbf82797981c63,w06|w07|w10,"[[0,4,4,4,4,4],[4,0,2,2,4,3],[4,2,0,2,4,2],[4,2,2,0,4,2],[4,4,4,4,0,4],[4,3,2,2,4,0]]"
bw_f25b1ddd1493b4e2acc2,w03|w08|w09,"[[0,3,3,4,4,2],[3,0,3,4,4,3],[3,3,0,4,3,3],[4,4,4,0,4,4],[4,4,3,4,0,3],[2,3,3,4,3,0]]"
bw_331beae08bc1f92e7f8f,w01|w05|w09,"[[0,1,4,3,3,4],[1,0,4,2,2,4],[4,4,0,4,4,4],[3,2,4,0,2,4],[3,2,4,2,0,4],[4,4,4,4,4,0]]"
bw_96a47ad5b9873ed6f8c6,w01|w04|w08,"[[0,3,2,4,3,3],[3,0,2,4,2,3],[2,2,0,4,3,2],[4,4,4,0,4,4],[3,2,3,4,0,4],[3,3,2,4,4,0]]"
bw_109287f091af6be37be9,w00|w08|w11,"[[0,2,4,3,4,3],[2,0,4,2,4,2],[4,4,0,4,4,4],[3,2,4,0,4,2],[4,4,4,4,0,4],[3,2,4,2,4,0]]"
bw_e108dfe2481597a14c48,w00|w03|w08,"[[0,2,3,4,4,3],[2,0,3,4,2,2],[3,3,0,4,3,2],[4,4,4,0,4,4],[4,2,3,4,0,3],[3,2,2,4,3,0]]"
bw_a436cb0828919160a450,w03|w05|w10,"[[0,4,4,2,3,3],[4,0,4,4,4,4],[4,4,0,4,4,3],[2,4,4,0,2,3],[3,4,4,2,0,4],[3,4,3,3,4,0]]"
bw_042d537928b542bc62a0,w01|w06|w07,"[[0,4,4,4,4,4],[4,0,3,3,3,4],[4,3,0,3,3,3],[4,3,3,0,3,2],[4,3,3,3,0,2],[4,4,3,2,2,0]]"
bw_4ecc4d0f1d2ad1c127ae,w01|w07|w11,"[[0,4,4,4,4,4],[4,0,4,3,3,4],[4,4,0,4,4,3],[4,3,4,0,3,3],[4,3,4,3,0,3],[4,4,3,3,3,0]]"
bw_9b535590b3d17f27f587,w02|w06|w10,"[[0,4,4,4,4,4],[4,0,4,4,4,4],[4,4,0,2,3,3],[4,4,2,0,4,2],[4,4,3,4,0,3],[4,4,3,2,3,0]]"
bw_04bb7cd7dbb0a8ccab70,w01|w06|w11,"[[0,3,4,4,3,4],[3,0,4,3,3,4],[4,4,0,4,4,4],[4,3,4,0,4,4],[3,3,4,4,0,4],[4,4,4,4,4,0]]"
bw_824922e1a2265d324039,w00|w05|w06,"[[0,4,4,4,4,4],[4,0,4,2,4,2],[4,4,0,4,4,4],[4,2,4,0,4,2],[4,4,4,4,0,3],[4,2,4,2,3,0]]"
bw_611938cf97c03f29cee4,w04|w10|w11,"[[0,4,3,3,2,2],[4,0,4,4,4,4],[3,4,0,4,3,3],[3,4,4,0,2,4],[2,4,3,2,0,3],[2,4,3,4,3,0]]"
bw_1cba60656fb7a08c0682,w06|w07|w11,"[[0,4,3,3,2,2],[4,0,4,4,4,4],[3,4,0,4,3,4],[3,4,4,0,4,4],[2,4,3,4,0,2],[2,4,4,4,2,0]]"
bw_1ea65053db9c5c4c5b7c,w03|w06|w08,"[[0,4,3,2,2,4],[4,0,4,4,4,4],[3,4,0,2,4,4],[2,4,2,0,3,4],[2,4,4,3,0,4],[4,4,4,4,4,0]]"
bw_adad9b9b5dfdff36f81e,w04|w10|w11,"[[0,3,4,4,4,3],[3,0,4,4,4,4],[4,4,0,3,4,4],[4,4,3,0,4,4],[4,4,4,4,0,4],[3,4,4,4,4,0]]"
bw_baaaac5d72775974b367,w01|w05|w09,"[[0,4,4,4,4,3],[4,0,4,4,4,3],[4,4,0,4,4,3],[4,4,4,0,4,3],[4,4,4,4,0,4],[3,3,3,3,4,0]]"
bw_67ae5e0d4838732886c5,w01|w03|w08,"[[0,3,3,4,2,4],[3,0,2,4,2,3],[3,2,0,4,2,3],[4,4,4,0,4,4],[2,2,2,4,0,3],[4,3,3,4,3,0]]"
bw_9480cede8b74ea18bb73,w01|w03|w08,"[[0,2,4,2,4,3],[2,0,4,2,3,4],[4,4,0,4,4,4],[2,2,4,0,3,4],[4,3,4,3,0,4],[3,4,4,4,4,0]]"
bw_33345cfe79fc38ffd8f9,w00|w01|w04,"[[0,4,4,4,4,4],[4,0,3,3,3,4],[4,3,0,4,3,4],[4,3,4,0,2,3],[4,3,3,2,0,3],[4,4,4,3,3,0]]"
bw_1c604b8e4c6967fcb57c,w03|w07|w09,"[[0,3,3,3,4,3],[3,0,3,2,4,4],[3,3,0,2,4,3],[3,2,2,0,4,4],[4,4,4,4,0,4],[3,4,3,4,4,0]]"
bw_a8af1271e42a222cf018,w03|w05|w08,"[[0,4,4,4,4,4],[4,0,2,3,4,2],[4,2,0,3,4,2],[4,3,3,0,4,2],[4,4,4,4,0,4],[4,2,2,2,4,0]]"
bw_ec7b84722d2013bff5a0,w00|w02|w10,"[[0,3,4,4,4,2],[3,0,4,4,4,3],[4,4,0,4,4,4],[4,4,4,0,4,4],[4,4,4,4,0,4],[2,3,4,4,4,0]]"
bw_a0a7ef8a22c6f6253b9e,w01|w02|w07,"[[0,4,4,4,4,4],[4,0,3,2,4,4],[4,3,0,2,4,4],[4,2,2,0,4,4],[4,4,4,4,0,4],[4,4,4,4,4,0]]"
bw_17b0dbd6f3e3784d33dc,w00|w06|w09,"[[0,2,4,3,4,3],[2,0,4,3,4,2],[4,4,0,4,4,4],[3,3,4,0,4,3],[4,4,4,4,0,4],[3,2,4,3,4,0]]"
bw_c8a7bd4c7d3f97b711c9,w07|w08|w09,"[[0,4,4,4,4,4],[4,0,2,2,3,4],[4,2,0,2,3,4],[4,2,2,0,2,4],[4,3,3,2,0,4],[4,4,4,4,4,0]]"
bw_0ec429f3f638015f660b,w00|w07|w08,"[[0,4,4,4,4,4],[4,0,3,4,2,2],[4,3,0,4,2,2],[4,4,4,0,3,3],[4,2,2,3,0,2],[4,2,2,3,2,0]]"
bw_c71a203b2454f0246dfe,w00|w02|w08,"[[0,4,4,4,4,4],[4,0,3,2,4,4],[4,3,0,2,2,4],[4,2,2,0,3,4],[4,4,2,3,0,4],[4,4,4,4,4,0]]"
bw_70e71ba98177b758d18b,w01|w02|w05,"[[0,3,4,2,4,1],[3,0,4,3,4,2],[4,4,0,4,4,4],[2,3,4,0,4,2],[4,4,4,4,0,4],[1,2,4,2,4,0]]"
bw_339fe784a1451605d6a5,w05|w06|w09,"[[0,3,4,4,3,4],[3,0,4,3,2,3],[4,4,0,4,4,4],[4,3,4,0,2,2],[3,2,4,2,0,2],[4,3,4,2,2,0]]"
bw_023bd20e62a6f157dbe5,w03|w04|w09,"[[0,4,4,3,4,3],[4,0,4,4,4,4],[4,4,0,4,4,3],[3,4,4,0,4,3],[4,4,4,4,0,4],[3,4,3,3,4,0]]"
bw_6e2362d74ed33a26d474,w01|w05|w10,"[[0,4,2,4,2,2],[4,0,4,4,4,4],[2,4,0,4,2,3],[4,4,4,0,4,4],[2,4,2,4,0,2],[2,4,3,4,2,0]]"
bw_1581a9532235fc4237a3,w05|w09|w11,"[[0,4,3,2,3,4],[4,0,4,4,4,4],[3,4,0,2,4,4],[2,4,2,0,2,4],[3,4,4,2,0,4],[4,4,4,4,4,0]]"
bw_9f42f30b22f605fa9a31,w01|w03|w08,"[[0,3,3,2,4,2],[3,0,4,2,4,2],[3,4,0,3,4,3],[2,2,3,0,4,2],[4,4,4,4,0,4],[2,2,3,2,4,0]]"
bw_6409eb12f59a14a356a5,w05|w06|w10,"[[0,4,4,4,4,4],[4,0,4,4,4,4],[4,4,0,2,4,2],[4,4,2,0,4,2],[4,4,4,4,0,4],[4,4,2,2,4,0]]"
bw_e08ff20a62e74d8eac9f,w01|w06|w09,"[[0,4,4,4,4,4],[4,0,3,3,2,4],[4,3,0,2,3,3],[4,3,2,0,4,2],[4,2,3,4,0,4],[4,4,3,2,4,0]]"
bw_f49c97d3b8b268a40b21,w00|w08|w11,"[[0,4,4,3,2,3],[4,0,4,4,4,4],[4,4,0,4,4,4],[3,4,4,0,2,2],[2,4,4,2,0,2],[3,4,4,2,2,0]]"
bw_f69a1e6af55350c45b31,w04|w05|w09,"[[0,3,4,4,4,4],[3,0,4,4,4,4],[4,4,0,4,4,4],[4,4,4,0,4,2],[4,4,4,4,0,4],[4,4,4,2,4,0]]"
bw_dc85f61fd52dcfdf12f9,w02|w04|w09,"[[0,4,4,4,4,4],[4,0,4,4,4,4],[4,4,0,4,4,4],[4,4,4,0,4,4],[4,4,4,4,0,3],[4,4,4,4,3,0]]"
bw_192870c08899985789a2,w02|w03|w09,"[[0,4,4,2,4,2],[4,0,4,4,4,4],[4,4,0,4,4,4],[2,4,4,0,4,2],[4,4,4,4,0,4],[2,4,4,2,4,0]]"
bw_fac3cd7e0a9b30b49a7f,w02|w09|w10,"[[0,4,3,2,3,4],[4,0,2,3,2,4],[3,2,0,2,2,4],[2,3,2,0,2,4],[3,2,2,2,0,4],[4,4,4,4,4,0]]"
bw_88380975782b019fe075,w04|w06|w09,"[[0,4,4,2,3,3],[4,0,4,4,4,4],[4,4,0,4,4,4],[2,4,4,0,2,4],[3,4,4,2,0,3],[3,4,4,4,3,0]]"
bw_88153faec20dbb9c584f,w00|w01|w07,"[[0,4,3,3,4,3],[4,0,4,3,4,4],[3,4,0,3,4,3],[3,3,3,0,4,4],[4,4,4,4,0,4],[3,4,3,4,4,0]]"
bw_4391333083fe7eb658a9,w07|w10|w11,"[[0,4,2,4,2,2],[4,0,4,4,4,4],[2,4,0,3,3,2],[4,4,3,0,4,4],[2,4,3,4,0,2],[2,4,2,4,2,0]]"
bw_0d26f820a014cfa2325d,w01|w06|w09,"[[0,4,4,4,4,4],[4,0,4,2,2,4],[4,4,0,4,4,4],[4,2,4,0,2,4],[4,2,4,2,0,4],[4,4,4,4,4,0]]"
bw_4db1916c48734e2967b9,w06|w08|w11,"[[0,3,3,4,4,2],[3,0,4,4,4,3],[3,4,0,4,4,4],[4,4,4,0,4,4],[4,4,4,4,0,3],[2,3,4,4,3,0]]"
bw_76ba344be627d1794cf8,w00|w07|w09,"[[0,4,3,4,3,2],[4,0,4,4,4,3],[3,4,0,4,4,2],[4,4,4,0,4,4],[3,4,4,4,0,3],[2,3,2,4,3,0]]"
bw_7462a9ef09fdf608aca5,w02|w03|w04,"[[0,4,2,3,4,3],[4,0,4,4,4,4],[2,4,0,4,4,4],[3,4,4,0,4,4],[4,4,4,4,0,4],[3,4,4,4,4,0]]"
bw_6f56b4ed28c2f04ce18c,w02|w05|w06,"[[0,4,4,4,4,4],[4,0,4,4,4,3],[4,4,0,4,3,4],[4,4,4,0,3,3],[4,4,3,3,0,3],[4,3,4,3,3,0]]"
bw_05b91e386bc05eb17771,w00|w05|w09,"[[0,4,3,4,4,4],[4,0,4,2,4,4],[3,4,0,4,3,4],[4,2,4,0,4,3],[4,4,3,4,0,4],[4,4,4,3,4,0]]"
bw_3b5f7f3c91ce676d4089,w01|w09|w10,"[[0,4,4,4,4,4],[4,0,2,4,2,4],[4,2,0,3,2,4],[4,4,3,0,3,4],[4,2,2,3,0,4],[4,4,4,4,4,0]]"
